분류,자산군,유형,명칭,Code,close,1M,3M,6M,1Y,M_score,Date
공격자산,한국주식,ETF,KIWOOM 200TR,294400,144000.0,2.29,-20.63,40.26,132.58,39.52,2026-09-30
공격자산,한국주식,ETF,KODEX 모멘텀주,275280,43280.0,3.2,-21.66,43.31,113.78,38.04,2026-09-30
공격자산,아시아주식,ETF,ACE 아시아TOP50,277540,32150.0,1.28,-13.59,23.87,47.14,13.97,2026-09-30
공격자산,미국대형주,ETF,RISE 미국나스닥100,368590,30285.0,1.15,-11.29,16.89,18.69,5.28,2026-09-30
수비자산,물가연동채,ETF,KIWOOM 물가채KIS,430500,112580.0,-0.17,-0.74,-0.23,-3.61,-2.27,2026-09-30
수비자산,한국국채,ETF,KIWOOM 국고채10년,148070,104335.0,-0.61,-1.33,-1.67,-10.15,-6.53,2026-09-30
공격자산,미국주식,ETF,KODEX 미국S&P500,379800,23470.0,-1.76,-10.13,6.95,10.06,-9.42,2026-09-30
공격자산,미국외선진국,ETF,KODEX MSCI선진국,251350,38040.0,-2.9,-10.71,4.79,10.28,-14.44,2026-09-30
공격자산,미국소형주,ETF,KODEX 미국러셀2000(H),280930,15900.0,-6.8,-6.91,12.93,11.27,-18.03,2026-09-30
수비자산,현금,ETF,TIGER 미국달러단기채권액티브,329750,12805.0,-1.31,-12.05,-9.25,-1.27,-20.92,2026-09-30
공격자산,한국주식,ETF,ACE 코스닥150,354500,14620.0,-0.1,-12.51,-24.58,4.28,-24.03,2026-09-30
수비자산,미국회사채,ETF,KODEX iShares미국하이일드액티브,468380,10400.0,-4.5,-15.62,-12.35,-8.85,-37.51,2026-09-30
공격자산,금,ETF,ACE KRX금현물,411060,25570.0,-9.93,-6.7,-17.42,-6.68,-46.87,2026-09-30
수비자산,미국장기채,ETF,ACE 미국30년국채액티브,476760,8355.0,-6.33,-21.48,-18.41,-15.44,-53.54,2026-09-30
공격자산,한국주식,ETF,KIWOOM 200TR,294400,137055.0,-5.2,-23.3,28.63,126.05,6.93,2026-09-15
공격자산,한국주식,ETF,KODEX 모멘텀주,275280,40790.0,-5.84,-24.74,28.21,102.38,-2.56,2026-09-15
수비자산,물가연동채,ETF,KIWOOM 물가채KIS,430500,112205.0,-0.38,-1.72,-1.14,-4.52,-4.56,2026-09-15
공격자산,아시아주식,ETF,ACE 아시아TOP50,277540,31160.0,-4.3,-15.15,15.45,46.5,-8.7,2026-09-15
공격자산,미국소형주,ETF,KODEX 미국러셀2000(H),280930,16290.0,-5.59,-4.18,13.64,15.37,-10.29,2026-09-15
수비자산,한국국채,ETF,KIWOOM 국고채10년,148070,102680.0,-1.94,-2.61,-4.57,-12.45,-13.83,2026-09-15
공격자산,미국외선진국,ETF,KODEX MSCI선진국,251350,38055.0,-6.41,-9.51,2.53,12.39,-24.38,2026-09-15
공격자산,미국주식,ETF,KODEX 미국S&P500,379800,23295.0,-6.48,-9.48,2.96,11.51,-24.56,2026-09-15
수비자산,현금,ETF,TIGER 미국달러단기채권액티브,329750,12860.0,-3.89,-9.5,-7.35,0.35,-24.76,2026-09-15
공격자산,미국대형주,ETF,RISE 미국나스닥100,368590,29185.0,-7.22,-13.5,7.87,17.8,-26.78,2026-09-15
공격자산,금,ETF,ACE KRX금현물,411060,26255.0,-4.96,-9.56,-22.67,12.37,-32.68,2026-09-15
수비자산,미국회사채,ETF,KODEX iShares미국하이일드액티브,468380,10645.0,-5.71,-12.06,-10.05,-6.0,-35.71,2026-09-15
수비자산,미국장기채,ETF,ACE 미국30년국채액티브,476760,8640.0,-5.73,-15.71,-14.96,-11.88,-43.35,2026-09-15
공격자산,한국주식,ETF,ACE 코스닥150,354500,13815.0,-7.78,-25.32,-31.1,-3.22,-65.02,2026-09-15
공격자산,한국주식,ETF,KODEX 모멘텀주,275280,41970.0,4.03,-21.4,16.18,123.36,29.61,2026-08-31
공격자산,한국주식,ETF,KIWOOM 200TR,294400,141325.0,-0.96,-19.9,14.99,151.67,22.64,2026-08-31
공격자산,한국주식,ETF,ACE 코스닥150,354500,14500.0,18.66,-23.12,-31.7,8.82,19.21,2026-08-31
공격자산,미국소형주,ETF,KODEX 미국러셀2000(H),280930,16815.0,0.3,0.81,10.19,19.98,11.79,2026-08-31
공격자산,금,ETF,ACE KRX금현물,411060,27425.0,5.16,-8.6,-18.21,27.59,4.67,2026-08-31
공격자산,아시아주식,ETF,ACE 아시아TOP50,277540,31520.0,-2.23,-13.43,11.04,60.24,0.45,2026-08-31
공격자산,미국대형주,ETF,RISE 미국나스닥100,368590,29775.0,-0.6,-11.54,12.32,22.4,-1.59,2026-08-31
수비자산,물가연동채,ETF,KIWOOM 물가채KIS,430500,112800.0,-0.17,-0.4,-0.62,-3.82,-2.18,2026-08-31
공격자산,미국주식,ETF,KODEX 미국S&P500,379800,23755.0,-1.14,-7.93,5.84,15.34,-4.61,2026-08-31
수비자산,한국국채,ETF,KIWOOM 국고채10년,148070,104725.0,0.01,-0.68,-4.28,-10.57,-5.43,2026-08-31
공격자산,미국외선진국,ETF,KODEX MSCI선진국,251350,38805.0,-1.81,-7.44,3.87,16.15,-6.9,2026-08-31
수비자산,현금,ETF,TIGER 미국달러단기채권액티브,329750,12945.0,-3.83,-8.35,-3.11,1.01,-21.13,2026-08-31
수비자산,미국회사채,ETF,KODEX iShares미국하이일드액티브,468380,10840.0,-3.77,-9.67,-6.39,-3.82,-25.13,2026-08-31
수비자산,미국장기채,ETF,ACE 미국30년국채액티브,476760,8885.0,-4.56,-12.16,-12.55,-6.03,-33.64,2026-08-31
공격자산,미국소형주,ETF,KODEX 미국러셀2000(H),280930,16895.0,-0.88,5.33,10.61,31.73,15.93,2026-08-04
수비자산,물가연동채,ETF,KIWOOM 물가채KIS,430500,112750.0,0.13,-0.59,0.76,-4.03,-0.81,2026-08-04
공격자산,미국외선진국,ETF,KODEX MSCI선진국,251350,40255.0,-5.33,3.09,7.39,25.93,-2.72,2026-08-04
공격자산,미국주식,ETF,KODEX 미국S&P500,379800,24595.0,-5.29,2.61,8.06,24.47,-3.13,2026-08-04
수비자산,한국국채,ETF,KIWOOM 국고채10년,148070,104810.0,-0.15,-1.42,-2.04,-10.44,-5.49,2026-08-04
공격자산,미국대형주,ETF,RISE 미국나스닥100,368590,30600.0,-8.33,2.0,12.79,30.71,-8.91,2026-08-04
공격자산,아시아주식,ETF,ACE 아시아TOP50,277540,31710.0,-12.54,1.41,19.23,64.81,-10.38,2026-08-04
수비자산,현금,ETF,TIGER 미국달러단기채권액티브,329750,13520.0,-5.95,-1.21,0.6,6.04,-17.24,2026-08-04
수비자산,미국회사채,ETF,KODEX iShares미국하이일드액티브,468380,11330.0,-6.98,-3.2,-3.25,2.16,-25.22,2026-08-04
공격자산,한국주식,ETF,KIWOOM 200TR,294400,131835.0,-23.14,-4.47,27.39,137.93,-25.71,2026-08-04
공격자산,한국주식,ETF,KODEX 모멘텀주,275280,39275.0,-24.84,-5.44,25.18,112.3,-39.3,2026-08-04
수비자산,미국장기채,ETF,ACE 미국30년국채액티브,476760,9230.0,-10.39,-6.15,-6.2,-2.74,-41.1,2026-08-04
공격자산,금,ETF,ACE KRX금현물,411060,26005.0,-8.55,-14.05,-23.86,23.72,-45.69,2026-08-04
공격자산,한국주식,ETF,ACE 코스닥150,354500,13440.0,-12.61,-33.84,-33.47,2.83,-87.71,2026-08-04
공격자산,미국소형주,ETF,KODEX 미국러셀2000(H),280930,16765.0,-1.84,7.78,10.81,27.49,14.52,2026-07-31
공격자산,한국주식,ETF,KIWOOM 200TR,294400,142690.0,-21.35,8.87,41.38,149.85,2.97,2026-07-31
수비자산,물가연동채,ETF,KIWOOM 물가채KIS,430500,112995.0,-0.37,-0.18,0.46,-3.56,-1.95,2026-07-31
공격자산,아시아주식,ETF,ACE 아시아TOP50,277540,32240.0,-13.34,6.4,20.21,65.12,-7.25,2026-07-31
수비자산,한국국채,ETF,KIWOOM 국고채10년,148070,104715.0,-0.97,-1.36,-2.62,-10.39,-8.17,2026-07-31
공격자산,미국외선진국,ETF,KODEX MSCI선진국,251350,39520.0,-7.24,1.39,6.68,20.3,-11.92,2026-07-31
공격자산,미국주식,ETF,KODEX 미국S&P500,379800,24030.0,-7.98,0.67,6.56,18.37,-15.41,2026-07-31
수비자산,현금,ETF,TIGER 미국달러단기채권액티브,329750,13460.0,-7.55,-3.17,1.01,5.65,-23.91,2026-07-31
공격자산,미국대형주,ETF,RISE 미국나스닥100,368590,29955.0,-12.26,0.98,9.91,23.47,-24.98,2026-07-31
수비자산,미국회사채,ETF,KODEX iShares미국하이일드액티브,468380,11265.0,-8.6,-4.66,-3.1,1.03,-31.75,2026-07-31
공격자산,한국주식,ETF,KODEX 모멘텀주,275280,40345.0,-26.97,3.46,30.88,112.17,-33.96,2026-07-31
공격자산,금,ETF,ACE KRX금현물,411060,26080.0,-4.83,-14.04,-26.41,25.66,-35.34,2026-07-31
수비자산,미국장기채,ETF,ACE 미국30년국채액티브,476760,9310.0,-12.5,-6.05,-4.85,-1.85,-46.44,2026-07-31
공격자산,한국주식,ETF,ACE 코스닥150,354500,12220.0,-26.87,-38.96,-40.75,-9.85,-142.41,2026-07-31
공격자산,한국주식,ETF,KIWOOM 200TR,294400,181425.0,2.83,76.71,128.22,236.03,208.31,2026-06-30
공격자산,한국주식,ETF,KIWOOM 200TR,294400,181425.0,2.83,76.71,128.22,236.03,208.31,2026-06-30
공격자산,한국주식,ETF,KODEX 모멘텀주,275280,55245.0,3.46,82.93,128.99,201.31,208.12,2026-06-30
공격자산,한국주식,ETF,KODEX 모멘텀주,275280,55245.0,3.46,82.93,128.99,201.31,208.12,2026-06-30
공격자산,아시아주식,ETF,ACE 아시아TOP50,277540,37205.0,2.18,43.34,58.66,103.81,105.17,2026-06-30
공격자산,아시아주식,ETF,ACE 아시아TOP50,277540,37205.0,2.18,43.34,58.66,103.81,105.17,2026-06-30
공격자산,미국대형주,ETF,RISE 미국나스닥100,368590,34140.0,1.43,31.76,25.95,50.8,61.72,2026-06-30
공격자산,미국대형가치주,ETF,RISE 미국나스닥100,368590,34140.0,1.43,31.76,25.95,50.8,61.72,2026-06-30
공격자산,미국소형주,ETF,KODEX 미국러셀2000(H),280930,17080.0,2.4,21.31,17.27,31.69,45.06,2026-06-30
공격자산,미국소형주,ETF,KODEX 미국러셀2000(H),280930,17080.0,2.4,21.31,17.27,31.69,45.06,2026-06-30
공격자산,미국주식,ETF,KODEX 미국S&P500,379800,26115.0,1.22,19.0,15.4,36.23,39.42,2026-06-30
공격자산,미국주식,ETF,KODEX 미국S&P500,379800,26115.0,1.22,19.0,15.4,36.23,39.42,2026-06-30
공격자산,미국외선진국,ETF,KODEX MSCI선진국,251350,42605.0,1.62,17.37,15.9,36.21,39.24,2026-06-30
공격자산,미국외선진국,ETF,KODEX MSCI선진국,251350,42605.0,1.62,17.37,15.9,36.21,39.24,2026-06-30
수비자산,미국장기채,ETF,ACE 미국30년국채액티브,476760,10640.0,5.19,3.91,7.15,14.96,26.79,2026-06-30
수비자산,미국장기채,ETF,ACE 미국30년국채액티브,476760,10640.0,5.19,3.91,7.15,14.96,26.79,2026-06-30
수비자산,현금,ETF,TIGER 미국달러단기채권액티브,329750,14560.0,3.08,3.19,8.94,17.99,21.4,2026-06-30
수비자산,미국대형가치주,ETF,TIGER 미국달러단기채권액티브,329750,14560.0,3.08,3.19,8.94,17.99,21.4,2026-06-30
수비자산,미국회사채,ETF,KODEX iShares미국하이일드액티브,468380,12325.0,2.71,3.88,5.88,13.33,18.28,2026-06-30
수비자산,미국회사채,ETF,KODEX iShares미국하이일드액티브,468380,12325.0,2.71,3.88,5.88,13.33,18.28,2026-06-30
수비자산,물가연동채,ETF,KIWOOM 물가채KIS,430500,113415.0,0.15,0.51,-0.35,-2.94,0.04,2026-06-30
수비자산,물가연동채,ETF,KIWOOM 물가채KIS,430500,113415.0,0.15,0.51,-0.35,-2.94,0.04,2026-06-30
수비자산,한국국채,ETF,KIWOOM 국고채10년,148070,105740.0,0.28,-0.34,-3.15,-9.2,-3.37,2026-06-30
수비자산,한국국채권,ETF,KIWOOM 국고채10년,148070,105740.0,0.28,-0.34,-3.15,-9.2,-3.37,2026-06-30
공격자산,금,ETF,ACE KRX금현물,411060,27405.0,-8.67,-11.5,-5.52,36.34,-31.16,2026-06-30
공격자산,금,ETF,ACE KRX금현물,411060,27405.0,-8.67,-11.5,-5.52,36.34,-31.16,2026-06-30
공격자산,한국주식,ETF,ACE 코스닥150,354500,16710.0,-11.4,-13.8,7.25,31.01,-36.62,2026-06-30
공격자산,한국주식,ETF,ACE 코스닥150,354500,16710.0,-11.4,-13.8,7.25,31.01,-36.62,2026-06-30
공격자산,한국주식,ETF,KIWOOM 200TR,294400,178700.0,16.4,67.71,137.89,255.62,249.77,2026-06-15
공격자산,한국주식,ETF,KODEX 모멘텀주,275280,54200.0,17.51,70.36,135.5,215.12,244.41,2026-06-15
공격자산,아시아주식,ETF,ACE 아시아TOP50,277540,36725.0,9.68,36.07,54.44,107.6,119.22,2026-06-15
공격자산,미국대형가치주,ETF,RISE 미국나스닥100,368590,33740.0,4.23,24.71,22.89,54.77,62.54,2026-06-15
공격자산,미국소형주,ETF,KODEX 미국러셀2000(H),280930,17000.0,5.46,18.59,14.09,36.99,51.26,2026-06-15
공격자산,미국외선진국,ETF,KODEX MSCI선진국,251350,42055.0,2.87,13.31,13.42,37.12,37.92,2026-06-15
공격자산,미국주식,ETF,KODEX 미국S&P500,379800,25735.0,1.8,13.75,12.31,38.14,34.83,2026-06-15
수비자산,미국장기채,ETF,ACE 미국30년국채액티브,476760,10250.0,3.33,0.89,1.54,9.33,13.97,2026-06-15
수비자산,미국대형가치주,ETF,TIGER 미국달러단기채권액티브,329750,14210.0,0.85,2.38,4.45,13.86,10.62,2026-06-15
수비자산,미국회사채,ETF,KODEX iShares미국하이일드액티브,468380,12105.0,1.25,2.28,1.81,10.25,9.51,2026-06-15
수비자산,물가연동채,ETF,KIWOOM 물가채KIS,430500,114170.0,1.83,0.59,-1.19,-1.96,4.99,2026-06-15
공격자산,한국주식,ETF,ACE 코스닥150,354500,18500.0,-2.89,-7.73,16.13,47.18,3.47,2026-06-15
수비자산,한국국채권,ETF,KIWOOM 국고채10년,148070,105430.0,1.22,-2.02,-6.82,-8.97,-4.01,2026-06-15
공격자산,금,ETF,ACE KRX금현물,411060,29030.0,-4.8,-14.49,0.31,36.77,-19.56,2026-06-15
공격자산,한국주식,ETF,KODEX 모멘텀주,275280,53400.0,36.94,47.82,139.3,240.34,288.38,2026-05-30
공격자산,한국주식,ETF,KIWOOM 200TR,294400,176435.0,34.62,43.55,142.81,276.88,288.03,2026-05-30
공격자산,아시아주식,ETF,ACE 아시아TOP50,277540,36410.0,20.17,28.27,54.05,110.89,143.51,2026-05-30
공격자산,미국대형가치주,ETF,RISE 미국나스닥100,368590,33660.0,13.47,26.97,22.31,54.69,92.2,2026-05-30
공격자산,미국주식,ETF,KODEX 미국S&P500,379800,25800.0,8.09,14.95,12.74,38.6,55.22,2026-05-30
공격자산,미국외선진국,ETF,KODEX MSCI선진국,251350,41925.0,7.56,12.22,13.94,36.97,51.1,2026-05-30
공격자산,미국소형주,ETF,KODEX 미국러셀2000(H),280930,16680.0,7.23,9.31,15.35,35.55,47.57,2026-05-30
수비자산,미국대형가치주,ETF,TIGER 미국달러단기채권액티브,329750,14125.0,1.62,5.73,4.28,12.33,15.8,2026-05-30
수비자산,미국회사채,ETF,KODEX iShares미국하이일드액티브,468380,12000.0,1.57,3.63,1.18,9.14,11.2,2026-05-30
수비자산,미국장기채,ETF,ACE 미국30년국채액티브,476760,10115.0,2.07,-0.44,-2.69,8.24,6.48,2026-05-30
공격자산,금,ETF,ACE KRX금현물,411060,30005.0,-1.1,-10.51,7.62,45.9,1.46,2026-05-30
수비자산,물가연동채,ETF,KIWOOM 물가채KIS,430500,113250.0,0.05,-0.22,-1.58,-3.35,-1.7,2026-05-30
공격자산,한국주식,ETF,ACE 코스닥150,354500,18860.0,-5.79,-11.16,17.8,57.17,-5.35,2026-05-30
수비자산,한국국채권,ETF,KIWOOM 국고채10년,148070,105440.0,-0.67,-3.63,-6.72,-9.49,-11.38,2026-05-30
공격자산,한국주식,ETF,KIWOOM 200TR,294400,153520.0,27.0,43.78,107.97,238.3,238.34,2026-05-15
공격자산,한국주식,ETF,KODEX 모멘텀주,275280,46125.0,28.98,45.6,100.46,209.88,235.25,2026-05-15
공격자산,아시아주식,ETF,ACE 아시아TOP50,277540,33485.0,15.43,23.38,40.75,89.29,112.35,2026-05-15
공격자산,미국대형가치주,ETF,RISE 미국나스닥100,368590,32370.0,15.22,23.27,20.49,47.51,91.04,2026-05-15
공격자산,미국주식,ETF,KODEX 미국S&P500,379800,25280.0,8.43,13.24,13.24,34.93,53.87,2026-05-15
공격자산,미국외선진국,ETF,KODEX MSCI선진국,251350,40880.0,5.39,9.92,12.93,33.38,40.89,2026-05-15
공격자산,미국소형주,ETF,KODEX 미국러셀2000(H),280930,16120.0,4.27,7.57,15.97,30.37,35.96,2026-05-15
공격자산,한국주식,ETF,ACE 코스닥150,354500,19050.0,-2.53,-0.29,20.57,60.42,17.5,2026-05-15
수비자산,미국대형가치주,ETF,TIGER 미국달러단기채권액티브,329750,14090.0,2.21,4.99,4.22,11.21,16.54,2026-05-15
수비자산,미국회사채,ETF,KODEX iShares미국하이일드액티브,468380,11955.0,0.84,2.27,1.74,7.46,7.53,2026-05-15
공격자산,금,ETF,ACE KRX금현물,411060,30495.0,-4.46,-5.94,9.01,52.78,-1.63,2026-05-15
수비자산,미국장기채,ETF,ACE 미국30년국채액티브,476760,9920.0,-1.64,-1.68,-3.17,5.64,-6.77,2026-05-15
수비자산,물가연동채,ETF,KIWOOM 물가채KIS,430500,112120.0,-2.2,-0.68,-2.29,-4.43,-9.54,2026-05-15
수비자산,한국국채권,ETF,KIWOOM 국고채10년,148070,104160.0,-3.93,-3.81,-7.93,-10.94,-22.3,2026-05-15
공격자산,한국주식,ETF,KIWOOM 200TR,294400,131980.0,28.55,30.76,76.3,199.95,204.55,2026-04-30
공격자산,한국주식,ETF,KODEX 모멘텀주,275280,39435.0,30.58,27.93,67.77,175.87,197.52,2026-04-30
공격자산,아시아주식,ETF,ACE 아시아TOP50,277540,30590.0,17.86,14.06,26.27,84.44,101.88,2026-04-30
공격자산,미국대형가치주,ETF,RISE 미국나스닥100,368590,29940.0,15.55,9.85,8.97,46.44,72.61,2026-04-30
공격자산,미국소형주,ETF,KODEX 미국러셀2000(H),280930,15610.0,10.87,3.17,7.03,33.08,47.56,2026-04-30
공격자산,미국주식,ETF,KODEX 미국S&P500,379800,24000.0,9.36,6.43,7.53,33.3,46.61,2026-04-30
공격자산,한국주식,ETF,ACE 코스닥150,354500,20245.0,4.44,-1.84,32.19,72.44,45.67,2026-04-30
공격자산,미국외선진국,ETF,KODEX MSCI선진국,251350,39075.0,7.64,5.48,8.32,31.43,40.43,2026-04-30
수비자산,미국대형가치주,ETF,TIGER 미국달러단기채권액티브,329750,13905.0,-1.45,4.35,5.22,7.71,4.53,2026-04-30
수비자산,미국회사채,ETF,KODEX iShares미국하이일드액티브,468380,11845.0,-0.17,1.89,2.55,5.1,3.94,2026-04-30
수비자산,물가연동채,ETF,KIWOOM 물가채KIS,430500,113380.0,0.48,0.8,-2.28,-4.24,0.04,2026-04-30
공격자산,금,ETF,ACE KRX금현물,411060,30285.0,-2.2,-14.55,17.52,41.42,-2.02,2026-04-30
수비자산,한국국채권,ETF,KIWOOM 국고채10년,148070,106485.0,0.36,-0.98,-7.78,-10.1,-6.32,2026-04-30
수비자산,미국장기채,ETF,ACE 미국30년국채액티브,476760,9940.0,-2.93,1.58,-2.45,-1.05,-8.69,2026-04-30
공격자산,한국주식,ETF,KIWOOM 200TR,294400,120880.0,13.45,32.57,81.56,183.69,159.62,2026-04-15
공격자산,한국주식,ETF,KODEX 모멘텀주,275280,35760.0,12.4,28.45,70.29,155.7,139.72,2026-04-15
공격자산,아시아주식,ETF,ACE 아시아TOP50,277540,29010.0,7.48,11.71,27.15,85.01,68.99,2026-04-15
공격자산,한국주식,ETF,ACE 코스닥150,354500,19545.0,-2.52,23.16,37.74,65.64,50.88,2026-04-15
공격자산,미국소형주,ETF,KODEX 미국러셀2000(H),280930,15460.0,7.85,0.72,5.28,37.79,36.35,2026-04-15
공격자산,미국외선진국,ETF,KODEX MSCI선진국,251350,38790.0,4.51,2.25,10.77,32.84,29.39,2026-04-15
공격자산,미국대형가치주,ETF,RISE 미국나스닥100,368590,28095.0,3.84,1.44,8.29,42.0,27.62,2026-04-15
공격자산,미국주식,ETF,KODEX 미국S&P500,379800,23315.0,3.05,0.41,7.69,32.1,21.43,2026-04-15
수비자산,미국대형가치주,ETF,TIGER 미국달러단기채권액티브,329750,13785.0,-0.68,1.32,4.83,6.65,3.35,2026-04-15
수비자산,미국회사채,ETF,KODEX iShares미국하이일드액티브,468380,11855.0,0.17,-0.75,3.04,6.9,3.0,2026-04-15
수비자산,물가연동채,ETF,KIWOOM 물가채KIS,430500,114645.0,1.01,1.33,-2.34,-2.2,2.64,2026-04-15
공격자산,금,ETF,ACE KRX금현물,411060,31920.0,-5.98,4.16,-0.3,53.06,-0.66,2026-04-15
수비자산,미국장기채,ETF,ACE 미국30년국채액티브,476760,10085.0,-0.74,-0.84,-0.88,2.33,-2.91,2026-04-15
수비자산,한국국채권,ETF,KIWOOM 국고채10년,148070,108420.0,0.76,0.32,-7.46,-7.59,-3.02,2026-04-15
수비자산,미국대형가치주,ETF,TIGER 미국달러단기채권액티브,329750,14310.0,7.11,7.07,10.03,7.31,35.25,2026-04-01
공격자산,한국주식,ETF,KIWOOM 200TR,294400,98265.0,-20.05,23.61,57.06,123.76,22.94,2026-04-01
수비자산,미국회사채,ETF,KODEX iShares미국하이일드액티브,468380,12000.0,3.63,3.09,5.22,2.7,17.26,2026-04-01
수비자산,미국장기채,ETF,ACE 미국30년국채액티브,476760,10415.0,2.51,4.88,5.84,-1.19,15.04,2026-04-01
공격자산,금,ETF,ACE KRX금현물,411060,31540.0,-5.93,8.74,16.86,49.66,11.78,2026-04-01
공격자산,한국주식,ETF,ACE 코스닥150,354500,18320.0,-13.71,17.59,29.84,58.14,5.92,2026-04-01
공격자산,미국외선진국,ETF,KODEX MSCI선진국,251350,36760.0,-1.61,0.0,6.78,19.66,3.49,2026-04-01
공격자산,한국주식,ETF,KODEX 모멘텀주,275280,28615.0,-20.79,18.61,40.3,105.2,2.7,2026-04-01
공격자산,미국주식,ETF,KODEX 미국S&P500,379800,22215.0,-1.02,-1.83,4.32,17.76,1.69,2026-04-01
공격자산,미국대형가치주,ETF,RISE 미국나스닥100,368590,26110.0,-1.51,-3.67,2.69,24.9,-0.63,2026-04-01
공격자산,아시아주식,ETF,ACE 아시아TOP50,277540,25660.0,-9.6,9.42,15.07,43.96,-0.85,2026-04-01
수비자산,물가연동채,ETF,KIWOOM 물가채KIS,430500,112750.0,-0.66,-0.93,-3.48,-3.01,-5.41,2026-04-01
수비자산,한국국채권,ETF,KIWOOM 국고채10년,148070,106070.0,-3.05,-2.85,-8.67,-8.51,-18.47,2026-04-01
공격자산,미국소형주,ETF,KODEX 미국러셀2000(H),280930,13990.0,-8.32,-3.95,-1.51,16.83,-25.47,2026-04-01
공격자산,한국주식,ETF,KIWOOM 200TR,294400,106550.0,-0.21,41.84,75.74,142.85,114.79,2026-03-15
공격자산,한국주식,ETF,KODEX 모멘텀주,275280,31815.0,0.43,38.24,57.85,121.94,98.92,2026-03-15
공격자산,한국주식,ETF,ACE 코스닥150,354500,20050.0,4.95,25.86,40.46,62.68,76.6,2026-03-15
공격자산,금,ETF,ACE KRX금현물,411060,33950.0,4.72,17.31,45.3,69.67,71.54,2026-03-15
공격자산,아시아주식,ETF,ACE 아시아TOP50,277540,26990.0,-0.55,13.5,26.89,48.91,37.51,2026-03-15
공격자산,미국대형가치주,ETF,RISE 미국나스닥100,368590,27055.0,3.03,-1.46,9.2,29.73,19.66,2026-03-15
수비자산,미국대형가치주,ETF,TIGER 미국달러단기채권액티브,329750,13880.0,3.43,2.02,8.31,5.59,17.86,2026-03-15
공격자산,미국주식,ETF,KODEX 미국S&P500,379800,22625.0,1.34,-1.27,8.31,22.6,12.57,2026-03-15
공격자산,미국외선진국,ETF,KODEX MSCI선진국,251350,37115.0,-0.2,0.09,9.61,23.12,10.08,2026-03-15
수비자산,미국회사채,ETF,KODEX iShares미국하이일드액티브,468380,11835.0,1.24,-0.46,4.5,2.42,6.12,2026-03-15
수비자산,미국장기채,ETF,ACE 미국30년국채액티브,476760,10160.0,0.69,0.64,3.62,-2.03,4.03,2026-03-15
수비자산,물가연동채,ETF,KIWOOM 물가채KIS,430500,113500.0,0.54,-1.77,-3.42,-2.07,-2.36,2026-03-15
공격자산,미국소형주,ETF,KODEX 미국러셀2000(H),280930,14335.0,-4.34,-3.79,1.52,19.21,-11.24,2026-03-15
수비자산,한국국채권,ETF,KIWOOM 국고채10년,148070,107600.0,-0.64,-4.9,-8.25,-6.9,-12.66,2026-03-15
공격자산,한국주식,ETF,KIWOOM 200TR,294400,122905.0,23.96,69.14,118.09,184.73,246.26,2026-02-28
공격자산,한국주식,ETF,KODEX 모멘텀주,275280,36125.0,19.98,61.89,91.85,160.17,207.78,2026-02-28
공격자산,한국주식,ETF,ACE 코스닥150,354500,21230.0,3.84,32.6,58.02,67.3,89.96,2026-02-28
공격자산,아시아주식,ETF,ACE 아시아TOP50,277540,28385.0,5.95,20.1,45.01,58.22,75.02,2026-02-28
공격자산,금,ETF,ACE KRX금현물,411060,33530.0,-5.05,20.27,57.01,69.22,50.91,2026-02-28
공격자산,미국외선진국,ETF,KODEX MSCI선진국,251350,37360.0,0.35,1.54,12.55,16.91,13.09,2026-02-28
수비자산,미국장기채,ETF,ACE 미국30년국채액티브,476760,10160.0,3.83,-2.26,7.8,-3.97,12.14,2026-02-28
공격자산,미국소형주,ETF,KODEX 미국러셀2000(H),280930,15260.0,-1.13,5.53,8.53,19.55,11.28,2026-02-28
수비자산,미국대형가치주,ETF,TIGER 미국달러단기채권액티브,329750,13360.0,1.37,-1.37,4.62,1.29,5.36,2026-02-28
공격자산,미국주식,ETF,KODEX 미국S&P500,379800,22445.0,-1.1,-1.92,9.49,14.28,3.09,2026-02-28
수비자산,미국회사채,ETF,KODEX iShares미국하이일드액티브,468380,11580.0,-0.13,-2.36,2.98,-1.66,-1.67,2026-02-28
수비자산,물가연동채,ETF,KIWOOM 물가채KIS,430500,113500.0,0.44,-1.36,-3.31,-2.34,-2.29,2026-02-28
공격자산,미국대형가치주,ETF,RISE 미국나스닥100,368590,26510.0,-3.46,-3.67,9.89,18.99,-4.36,2026-02-28
수비자산,한국국채권,ETF,KIWOOM 국고채10년,148070,109410.0,1.01,-3.21,-6.56,-6.01,-4.96,2026-02-28
공격자산,한국주식,ETF,KIWOOM 200TR,294400,106775.0,17.1,44.64,87.93,142.86,175.64,2026-02-15
공격자산,한국주식,ETF,KODEX 모멘텀주,275280,31680.0,13.79,37.68,69.1,122.32,144.19,2026-02-15
공격자산,한국주식,ETF,ACE 코스닥150,354500,19105.0,20.38,20.92,38.24,48.16,113.23,2026-02-15
공격자산,금,ETF,ACE KRX금현물,411060,32420.0,5.79,15.89,53.9,38.72,69.9,2026-02-15
공격자산,아시아주식,ETF,ACE 아시아TOP50,277540,27140.0,4.51,14.08,35.87,53.59,58.93,2026-02-15
공격자산,미국소형주,ETF,KODEX 미국러셀2000(H),280930,14985.0,-2.38,7.81,9.42,9.86,7.85,2026-02-15
공격자산,미국외선진국,ETF,KODEX MSCI선진국,251350,37190.0,-1.96,2.73,12.71,14.64,6.86,2026-02-15
수비자산,미국장기채,ETF,ACE 미국30년국채액티브,476760,10090.0,-0.79,-1.51,5.88,-0.15,-0.97,2026-02-15
수비자산,미국대형가치주,ETF,TIGER 미국달러단기채권액티브,329750,13420.0,-1.36,-0.74,5.63,3.23,-1.2,2026-02-15
공격자산,미국주식,ETF,KODEX 미국S&P500,379800,22325.0,-3.85,0.0,9.79,10.6,-4.02,2026-02-15
수비자산,미국회사채,ETF,KODEX iShares미국하이일드액티브,468380,11690.0,-2.13,-0.51,4.14,0.34,-4.76,2026-02-15
수비자산,물가연동채,ETF,KIWOOM 물가채KIS,430500,112885.0,-0.23,-1.63,-3.88,-2.15,-4.78,2026-02-15
수비자산,한국국채권,ETF,KIWOOM 국고채10년,148070,108290.0,0.2,-4.28,-7.46,-5.97,-8.89,2026-02-15
공격자산,미국대형가치주,ETF,RISE 미국나스닥100,368590,26260.0,-5.18,-2.25,8.02,11.6,-10.89,2026-02-15
공격자산,한국주식,ETF,KIWOOM 200TR,294400,100930.0,26.96,33.38,76.73,135.87,186.61,2026-01-31
공격자산,한국주식,ETF,KODEX 모멘텀주,275280,30825.0,27.77,30.81,62.11,122.72,175.86,2026-01-31
공격자산,한국주식,ETF,ACE 코스닥150,354500,20625.0,32.38,33.28,52.16,66.06,173.02,2026-01-31
공격자산,금,ETF,ACE KRX금현물,411060,35440.0,22.19,33.76,70.75,86.77,157.39,2026-01-31
공격자산,아시아주식,ETF,ACE 아시아TOP50,277540,26820.0,14.37,11.77,37.36,57.12,87.85,2026-01-31
공격자산,미국소형주,ETF,KODEX 미국러셀2000(H),280930,15130.0,3.88,5.25,15.06,9.6,26.82,2026-01-31
공격자산,미국외선진국,ETF,KODEX MSCI선진국,251350,37045.0,0.78,3.26,12.77,14.55,15.61,2026-01-31
공격자산,미국대형가치주,ETF,RISE 미국나스닥100,368590,27255.0,0.55,-0.51,12.35,17.23,11.63,2026-01-31
공격자산,미국주식,ETF,KODEX 미국S&P500,379800,22550.0,-0.35,1.42,11.08,11.5,8.77,2026-01-31
수비자산,미국대형가치주,ETF,TIGER 미국달러단기채권액티브,329750,13325.0,-0.3,0.91,4.59,2.03,2.81,2026-01-31
수비자산,미국회사채,ETF,KODEX iShares미국하이일드액티브,468380,11625.0,-0.13,1.0,4.26,-0.64,2.58,2026-01-31
수비자산,미국장기채,ETF,ACE 미국30년국채액티브,476760,9785.0,-1.46,-3.45,3.16,-2.78,-6.95,2026-01-31
수비자산,물가연동채,ETF,KIWOOM 물가채KIS,430500,112480.0,-1.17,-2.96,-4.0,-2.15,-9.0,2026-01-31
수비자산,한국국채권,ETF,KIWOOM 국고채10년,148070,107535.0,-1.51,-6.82,-7.98,-6.27,-16.89,2026-01-31
공격자산,한국주식,ETF,KIWOOM 200TR,294400,91180.0,21.38,36.95,61.24,115.07,160.47,2026-01-15
공격자산,한국주식,ETF,KODEX 모멘텀주,275280,27840.0,20.96,32.57,47.97,107.37,146.29,2026-01-15
공격자산,아시아주식,ETF,ACE 아시아TOP50,277540,25970.0,9.21,13.83,37.85,59.08,75.15,2026-01-15
공격자산,금,ETF,ACE KRX금현물,411060,30645.0,5.89,-4.28,46.03,66.59,53.06,2026-01-15
공격자산,미국외선진국,ETF,KODEX MSCI선진국,251350,37935.0,2.31,8.32,17.92,22.17,29.74,2026-01-15
공격자산,한국주식,ETF,ACE 코스닥150,354500,15870.0,-0.38,11.84,18.12,33.59,28.17,2026-01-15
공격자산,미국소형주,ETF,KODEX 미국러셀2000(H),280930,15350.0,3.02,4.53,15.11,15.11,24.92,2026-01-15
공격자산,미국주식,ETF,KODEX 미국S&P500,379800,23220.0,1.33,7.25,16.86,19.02,24.43,2026-01-15
공격자산,미국대형가치주,ETF,RISE 미국나스닥100,368590,27695.0,0.87,6.75,18.2,23.31,24.3,2026-01-15
수비자산,미국회사채,ETF,KODEX iShares미국하이일드액티브,468380,11945.0,0.46,3.82,7.42,2.49,9.54,2026-01-15
수비자산,미국대형가치주,ETF,TIGER 미국달러단기채권액티브,329750,13605.0,0.0,3.46,7.68,3.78,8.24,2026-01-15
수비자산,미국장기채,ETF,ACE 미국30년국채액티브,476760,10170.0,0.74,-0.05,9.53,3.2,7.74,2026-01-15
수비자산,물가연동채,ETF,KIWOOM 물가채KIS,430500,113140.0,-2.08,-3.62,-3.09,-1.07,-11.67,2026-01-15
수비자산,한국국채권,ETF,KIWOOM 국고채10년,148070,108070.0,-4.49,-7.75,-6.83,-4.78,-25.82,2026-01-15
공격자산,한국주식,ETF,KIWOOM 200TR,294400,,4.78,23.27,47.9,86.94,83.28,2025-12-31
공격자산,한국주식,ETF,KODEX 모멘텀주,275280,,4.35,15.82,36.84,81.25,67.59,2025-12-31
공격자산,금,ETF,ACE KRX금현물,411060,,3.02,10.03,41.14,60.29,54.74,2025-12-31
공격자산,아시아주식,ETF,ACE 아시아TOP50,277540,,-3.02,2.63,28.21,40.71,17.85,2025-12-31
공격자산,미국외선진국,ETF,KODEX MSCI선진국,251350,,-1.21,5.89,15.76,16.51,14.27,2025-12-31
공격자산,미국주식,ETF,KODEX 미국S&P500,379800,,-1.46,5.43,15.67,14.15,12.42,2025-12-31
공격자산,미국대형가치주,ETF,RISE 미국나스닥100,368590,,-2.76,5.47,17.87,17.16,10.41,2025-12-31
공격자산,미국소형주,ETF,KODEX 미국러셀2000(H),280930,,-1.15,1.46,10.3,7.17,4.94,2025-12-31
수비자산,미국대형가치주,ETF,TIGER 미국달러단기채권액티브,329750,,-1.4,3.09,6.79,2.57,2.92,2025-12-31
수비자산,미국회사채,ETF,KODEX iShares미국하이일드액티브,468380,,-2.23,2.51,5.34,-0.21,-1.55,2025-12-31
수비자산,미국장기채,ETF,ACE 미국30년국채액티브,476760,,-2.79,0.91,6.15,-0.65,-4.54,2025-12-31
수비자산,물가연동채,ETF,KIWOOM 물가채KIS,430500,,-1.03,-2.46,-2.44,-0.7,-6.93,2025-12-31
수비자산,한국국채권,ETF,KIWOOM 국고채10년,148070,,-3.29,-5.94,-6.0,-4.51,-19.93,2025-12-31
공격자산,한국주식,ETF,KIWOOM 200TR,294400,75120.0,1.76,23.9,49.49,77.76,73.37,2025-12-15
공격자산,금,ETF,ACE KRX금현물,411060,28940.0,3.45,23.86,36.35,63.87,68.35,2025-12-15
공격자산,한국주식,ETF,KODEX 모멘텀주,275280,23015.0,0.02,14.19,33.81,79.59,51.06,2025-12-15
공격자산,아시아주식,ETF,ACE 아시아TOP50,277540,23780.0,-0.04,11.8,34.43,43.21,39.69,2025-12-15
공격자산,미국소형주,ETF,KODEX 미국러셀2000(H),280930,14900.0,7.19,5.52,20.06,4.6,38.29,2025-12-15
공격자산,한국주식,ETF,ACE 코스닥150,354500,15930.0,0.82,11.59,26.73,36.27,36.49,2025-12-15
공격자산,미국대형가치주,ETF,RISE 미국나스닥100,368590,27455.0,2.2,10.82,25.94,19.11,35.15,2025-12-15
공격자산,미국주식,ETF,KODEX 미국S&P500,379800,22915.0,2.64,9.69,23.0,15.62,33.03,2025-12-15
공격자산,미국외선진국,ETF,KODEX MSCI선진국,251350,37080.0,2.43,9.51,20.9,17.45,31.62,2025-12-15
수비자산,미국대형가치주,ETF,TIGER 미국달러단기채권액티브,329750,13605.0,0.63,6.16,9.01,4.21,13.61,2025-12-15
수비자산,미국회사채,ETF,KODEX iShares미국하이일드액티브,468380,11890.0,1.19,4.99,8.29,2.72,13.39,2025-12-15
수비자산,미국장기채,ETF,ACE 미국30년국채액티브,476760,10095.0,-1.46,2.96,7.68,-2.89,1.68,2025-12-15
수비자산,물가연동채,ETF,KIWOOM 물가채KIS,430500,115540.0,0.69,-1.68,-0.78,-1.46,-0.37,2025-12-15
수비자산,한국국채권,ETF,KIWOOM 국고채10년,148070,113145.0,0.01,-3.53,-2.31,-5.25,-5.95,2025-12-15
공격자산,금,ETF,ACE KRX금현물,411060,,8.19,29.7,35.57,62.8,87.75,2025-11-30
공격자산,한국주식,ETF,KIWOOM 200TR,294400,,-2.93,29.4,55.22,74.51,66.84,2025-11-30
공격자산,아시아주식,ETF,ACE 아시아TOP50,277540,,-2.44,20.16,36.9,51.36,44.14,2025-11-30
공격자산,한국주식,ETF,KODEX 모멘텀주,275280,,-5.06,18.76,42.22,77.31,44.01,2025-11-30
공격자산,미국주식,ETF,KODEX 미국S&P500,379800,,2.53,11.12,22.94,19.54,35.07,2025-11-30
공격자산,미국대형가치주,ETF,RISE 미국나스닥100,368590,,0.16,13.13,26.47,27.88,33.83,2025-11-30
공격자산,미국외선진국,ETF,KODEX MSCI선진국,251350,,2.0,10.13,20.21,20.48,31.34,2025-11-30
수비자산,미국장기채,ETF,ACE 미국30년국채액티브,476760,,2.01,9.94,11.24,1.22,21.9,2025-11-30
수비자산,미국대형가치주,ETF,TIGER 미국달러단기채권액티브,329750,,2.5,5.7,7.71,6.7,18.72,2025-11-30
수비자산,미국회사채,ETF,KODEX iShares미국하이일드액티브,468380,,2.68,5.24,7.87,5.24,18.53,2025-11-30
공격자산,미국소형주,ETF,KODEX 미국러셀2000(H),280930,,-0.86,3.18,17.51,-2.46,8.75,2025-11-30
수비자산,물가연동채,ETF,KIWOOM 물가채KIS,430500,,-0.82,-1.88,-1.8,-1.52,-5.62,2025-11-30
수비자산,한국국채권,ETF,KIWOOM 국고채10년,148070,,-2.1,-3.48,-2.97,-5.47,-12.64,2025-11-30
공격자산,한국주식,ETF,KIWOOM 200TR,294400,73820.0,10.87,29.93,62.67,80.47,114.01,2025-11-15
공격자산,한국주식,ETF,KODEX 모멘텀주,275280,23010.0,9.57,22.82,54.59,78.03,98.33,2025-11-15
공격자산,한국주식,ETF,ACE 코스닥150,354500,15800.0,11.35,14.33,33.05,31.83,72.85,2025-11-15
공격자산,아시아주식,ETF,ACE 아시아TOP50,277540,23790.0,4.27,19.1,34.48,50.57,61.8,2025-11-15
공격자산,미국대형가치주,ETF,RISE 미국나스닥100,368590,26865.0,3.55,10.51,22.42,25.13,38.64,2025-11-15
공격자산,미국외선진국,ETF,KODEX MSCI선진국,251350,36200.0,3.37,9.71,18.11,20.11,33.9,2025-11-15
공격자산,미국주식,ETF,KODEX 미국S&P500,379800,22325.0,3.12,9.79,19.16,18.22,33.27,2025-11-15
공격자산,금,ETF,ACE KRX금현물,411060,27975.0,-12.62,32.8,40.16,70.22,32.58,2025-11-15
수비자산,미국대형가치주,ETF,TIGER 미국달러단기채권액티브,329750,13520.0,2.81,6.41,6.71,6.5,19.83,2025-11-15
수비자산,미국회사채,ETF,KODEX iShares미국하이일드액티브,468380,11750.0,2.13,4.68,5.62,4.07,14.89,2025-11-15
수비자산,미국장기채,ETF,ACE 미국30년국채액티브,476760,10245.0,0.69,7.5,9.11,2.86,14.83,2025-11-15
공격자산,미국소형주,ETF,KODEX 미국러셀2000(H),280930,13900.0,-5.35,1.5,12.41,-1.03,-8.59,2025-11-15
수비자산,물가연동채,ETF,KIWOOM 물가채KIS,430500,114750.0,-2.25,-2.29,-2.19,0.13,-10.11,2025-11-15
수비자산,한국국채권,ETF,KIWOOM 국고채10년,148070,113130.0,-3.44,-3.32,-3.27,-2.8,-15.97,2025-11-15
공격자산,한국주식,ETF,KIWOOM 200TR,294400,,22.22,32.5,71.98,73.63,153.54,2025-10-31
공격자산,한국주식,ETF,KODEX 모멘텀주,275280,,16.4,23.93,64.85,79.34,125.38,2025-10-31
공격자산,아시아주식,ETF,ACE 아시아TOP50,277540,,9.82,22.89,44.68,46.94,86.42,2025-10-31
공격자산,미국대형가치주,ETF,RISE 미국나스닥100,368590,,7.37,12.92,33.99,32.54,60.16,2025-10-31
공격자산,금,ETF,ACE KRX금현물,411060,,-3.3,27.66,23.72,45.66,41.02,2025-10-31
공격자산,미국주식,ETF,KODEX 미국S&P500,379800,,4.27,9.53,23.49,22.04,39.59,2025-10-31
공격자산,미국외선진국,ETF,KODEX MSCI선진국,251350,,4.0,9.21,20.67,21.63,36.95,2025-10-31
공격자산,미국소형주,ETF,KODEX 미국러셀2000(H),280930,,0.59,9.32,22.55,6.4,23.98,2025-10-31
수비자산,미국장기채,ETF,ACE 미국30년국채액티브,476760,,2.58,6.85,0.9,0.9,15.27,2025-10-31
수비자산,미국대형가치주,ETF,TIGER 미국달러단기채권액티브,329750,,1.81,3.65,2.29,5.72,11.66,2025-10-31
수비자산,미국회사채,ETF,KODEX iShares미국하이일드액티브,468380,,0.88,3.23,2.13,4.02,7.93,2025-10-31
수비자산,물가연동채,ETF,KIWOOM 물가채KIS,430500,,-0.77,-1.08,-2.11,1.64,-4.02,2025-10-31
수비자산,한국국채권,ETF,KIWOOM 국고채10년,148070,,-0.62,-1.24,-2.57,-0.51,-4.51,2025-10-31
공격자산,금,ETF,ACE KRX금현물,411060,,27.47,36.32,32.75,72.11,153.14,2025-09-30
공격자산,한국주식,ETF,KIWOOM 200TR,294400,,10.26,14.68,39.06,40.46,75.09,2025-09-30
공격자산,아시아주식,ETF,ACE 아시아TOP50,277540,,11.08,19.69,22.14,37.16,73.3,2025-09-30
공격자산,한국주식,ETF,KODEX 모멘텀주,275280,,7.74,10.42,45.86,56.57,70.72,2025-09-30
공격자산,미국대형가치주,ETF,RISE 미국나스닥100,368590,,4.89,12.7,18.84,32.1,44.82,2025-09-30
공격자산,미국주식,ETF,KODEX 미국S&P500,379800,,3.54,11.24,11.42,24.85,33.8,2025-09-30
공격자산,미국외선진국,ETF,KODEX MSCI선진국,251350,,3.25,10.28,10.58,21.85,30.77,2025-09-30
공격자산,미국소형주,ETF,KODEX 미국러셀2000(H),280930,,1.96,10.18,15.43,6.28,25.35,2025-09-30
수비자산,미국장기채,ETF,ACE 미국30년국채액티브,476760,,4.49,6.75,-4.17,-3.28,17.33,2025-09-30
수비자산,미국대형가치주,ETF,TIGER 미국달러단기채권액티브,329750,,1.21,5.11,-2.26,9.78,10.05,2025-09-30
수비자산,미국회사채,ETF,KODEX iShares미국하이일드액티브,468380,,1.24,4.92,-1.98,7.39,9.51,2025-09-30
수비자산,물가연동채,ETF,KIWOOM 물가채KIS,430500,,-0.41,-0.04,0.75,2.37,-0.3,2025-09-30
수비자산,한국국채권,ETF,KIWOOM 국고채10년,148070,,-0.84,-0.28,0.62,-0.58,-2.62,2025-09-30
공격자산,한국주식,ETF,KODEX 모멘텀주,275280,,-1.18,19.76,35.33,43.65,44.78,2025-08-31
공격자산,미국소형주,ETF,KODEX 미국러셀2000(H),280930,,6.58,13.9,9.79,4.43,39.64,2025-08-31
공격자산,한국주식,ETF,KIWOOM 200TR,294400,,-1.67,19.95,30.09,21.44,35.34,2025-08-31
공격자산,금,ETF,ACE KRX금현물,411060,,3.57,4.52,8.48,39.35,29.3,2025-08-31
공격자산,아시아주식,ETF,ACE 아시아TOP50,277540,,0.74,13.93,9.64,32.73,29.16,2025-08-31
공격자산,미국대형가치주,ETF,RISE 미국나스닥100,368590,,0.27,11.79,9.18,26.56,23.82,2025-08-31
공격자산,미국주식,ETF,KODEX 미국S&P500,379800,,1.45,10.64,4.86,20.76,22.62,2025-08-31
공격자산,미국외선진국,ETF,KODEX MSCI선진국,251350,,1.7,9.15,4.55,19.26,21.35,2025-08-31
수비자산,미국회사채,ETF,KODEX iShares미국하이일드액티브,468380,,1.08,2.5,-4.29,4.89,4.81,2025-08-31
수비자산,미국대형가치주,ETF,TIGER 미국달러단기채권액티브,329750,,0.59,1.91,-2.84,6.66,3.92,2025-08-31
수비자산,한국국채권,ETF,KIWOOM 국고채10년,148070,,0.21,0.52,0.61,1.18,1.76,2025-08-31
수비자산,물가연동채,ETF,KIWOOM 물가채KIS,430500,,0.09,0.09,0.91,3.55,1.71,2025-08-31
수비자산,미국장기채,ETF,ACE 미국30년국채액티브,476760,,-0.32,1.18,-10.63,-8.56,-7.23,2025-08-31
공격자산,한국주식,ETF,KODEX 모멘텀주,275280,,3.71,33.02,37.39,40.28,72.91,2025-07-31
공격자산,한국주식,ETF,KIWOOM 200TR,294400,,5.78,29.8,33.47,17.98,68.36,2025-07-31
공격자산,아시아주식,ETF,ACE 아시아TOP50,277540,,6.96,17.73,14.38,30.17,53.33,2025-07-31
공격자산,미국대형가치주,ETF,RISE 미국나스닥100,368590,,7.16,18.66,4.34,24.92,48.53,2025-07-31
공격자산,미국주식,ETF,KODEX 미국S&P500,379800,,5.89,12.75,0.37,18.44,35.22,2025-07-31
공격자산,미국외선진국,ETF,KODEX MSCI선진국,251350,,5.02,10.49,1.58,16.78,30.54,2025-07-31
공격자산,금,ETF,ACE KRX금현물,411060,,3.26,-3.08,9.38,35.43,20.24,2025-07-31
공격자산,미국소형주,ETF,KODEX 미국러셀2000(H),280930,,1.39,12.11,-4.74,-4.47,12.78,2025-07-31
수비자산,미국대형가치주,ETF,TIGER 미국달러단기채권액티브,329750,,3.24,-1.32,-2.45,3.41,8.03,2025-07-31
수비자산,미국회사채,ETF,KODEX iShares미국하이일드액티브,468380,,2.53,-1.06,-4.7,2.06,4.69,2025-07-31
수비자산,물가연동채,ETF,KIWOOM 물가채KIS,430500,,0.27,-1.04,1.93,3.3,1.57,2025-07-31
수비자산,한국국채권,ETF,KIWOOM 국고채10년,148070,,0.35,-1.34,1.86,1.02,0.88,2025-07-31
수비자산,미국장기채,ETF,ACE 미국30년국채액티브,476760,,2.49,-5.57,-5.76,-7.46,-2.87,2025-07-31
공격자산,한국주식,ETF,KODEX 모멘텀주,275280,,16.86,32.1,43.92,29.07,111.9,2025-06-30
공격자산,한국주식,ETF,KIWOOM 200TR,294400,,15.33,21.26,31.89,10.61,85.84,2025-06-30
공격자산,아시아주식,ETF,ACE 아시아TOP50,277540,,5.73,2.04,7.86,20.1,28.2,2025-06-30
공격자산,미국소형주,ETF,KODEX 미국러셀2000(H),280930,,5.4,4.77,-3.68,3.68,20.06,2025-06-30
공격자산,미국대형가치주,ETF,RISE 미국나스닥100,368590,,4.04,5.45,-3.27,11.77,18.89,2025-06-30
공격자산,미국주식,ETF,KODEX 미국S&P500,379800,,2.98,0.16,-4.63,11.39,9.63,2025-06-30
공격자산,미국외선진국,ETF,KODEX MSCI선진국,251350,,2.19,0.27,-1.7,11.08,8.76,2025-06-30
공격자산,금,ETF,ACE KRX금현물,411060,,-2.26,-2.62,10.71,36.69,5.13,2025-06-30
수비자산,한국국채권,ETF,KIWOOM 국고채10년,148070,,-0.04,0.91,2.77,2.45,2.79,2025-06-30
수비자산,물가연동채,ETF,KIWOOM 물가채KIS,430500,,-0.28,0.79,3.01,4.04,2.47,2025-06-30
수비자산,미국회사채,ETF,KODEX iShares미국하이일드액티브,468380,,-1.09,-6.57,-7.41,0.65,-13.39,2025-06-30
수비자산,미국대형가치주,ETF,TIGER 미국달러단기채권액티브,329750,,-1.87,-7.01,-6.52,0.49,-15.75,2025-06-30
수비자산,미국장기채,ETF,ACE 미국30년국채액티브,476760,,-0.96,-10.23,-9.22,-9.18,-20.03,2025-06-30
공격자산,한국주식,ETF,KODEX 모멘텀주,275280,,9.76,13.0,24.67,21.96,60.1,2025-05-31
공격자산,한국주식,ETF,KIWOOM 200TR,294400,,6.4,8.46,12.43,2.73,34.55,2025-05-31
공격자산,미국대형가치주,ETF,RISE 미국나스닥100,368590,,6.43,-2.33,1.12,14.62,21.17,2025-05-31
공격자산,아시아주식,ETF,ACE 아시아TOP50,277540,,4.1,-3.76,10.57,19.81,18.77,2025-05-31
공격자산,금,ETF,ACE KRX금현물,411060,,-3.97,3.79,20.09,37.97,11.41,2025-05-31
공격자산,미국외선진국,ETF,KODEX MSCI선진국,251350,,2.96,-4.21,0.23,11.72,7.71,2025-05-31
공격자산,미국주식,ETF,KODEX 미국S&P500,379800,,3.39,-5.22,-2.77,13.13,6.84,2025-05-31
공격자산,미국소형주,ETF,KODEX 미국러셀2000(H),280930,,4.9,-3.6,-17.0,-2.34,2.02,2025-05-31
수비자산,물가연동채,ETF,KIWOOM 물가채KIS,430500,,-1.04,0.82,0.28,4.26,-1.09,2025-05-31
수비자산,한국국채권,ETF,KIWOOM 국고채10년,148070,,-1.65,0.08,-2.58,5.09,-4.87,2025-05-31
수비자산,미국대형가치주,ETF,TIGER 미국달러단기채권액티브,329750,,-2.59,-4.66,-0.95,2.32,-12.34,2025-05-31
수비자산,미국회사채,ETF,KODEX iShares미국하이일드액티브,468380,,-2.44,-6.62,-2.44,1.62,-14.76,2025-05-31
수비자산,미국장기채,ETF,ACE 미국30년국채액티브,476760,,-6.97,-11.67,-9.01,-4.64,-38.24,2025-05-31
공격자산,금,ETF,ACE KRX금현물,411060,,3.75,15.48,16.16,44.7,46.0,2025-04-30
공격자산,한국주식,ETF,KODEX 모멘텀주,275280,,2.99,2.14,6.56,12.51,17.52,2025-04-30
수비자산,한국국채권,ETF,KIWOOM 국고채10년,148070,,2.63,3.29,2.1,7.8,14.19,2025-04-30
수비자산,물가연동채,ETF,KIWOOM 물가채KIS,430500,,2.13,3.0,3.92,5.87,12.84,2025-04-30
공격자산,한국주식,ETF,KIWOOM 200TR,294400,,-1.18,1.96,-0.12,-5.17,-2.93,2025-04-30
수비자산,미국장기채,ETF,ACE 미국30년국채액티브,476760,,-2.57,2.24,-0.3,3.03,-4.86,2025-04-30
수비자산,미국대형가치주,ETF,TIGER 미국달러단기채권액티브,329750,,-2.71,0.35,3.03,5.6,-4.87,2025-04-30
수비자산,미국회사채,ETF,KODEX iShares미국하이일드액티브,468380,,-3.18,-2.09,1.39,4.01,-9.92,2025-04-30
공격자산,미국외선진국,ETF,KODEX MSCI선진국,251350,,-4.7,-6.45,0.22,11.18,-17.63,2025-04-30
공격자산,아시아주식,ETF,ACE 아시아TOP50,277540,,-7.29,-1.28,1.0,18.55,-18.02,2025-04-30
공격자산,미국대형가치주,ETF,RISE 미국나스닥100,368590,,-4.77,-11.68,-3.01,12.43,-24.41,2025-04-30
공격자산,미국주식,ETF,KODEX 미국S&P500,379800,,-5.93,-9.98,-2.33,12.32,-25.85,2025-04-30
공격자산,미국소형주,ETF,KODEX 미국러셀2000(H),280930,,-5.25,-15.43,-13.27,-5.02,-39.07,2025-04-30
공격자산,금,ETF,ACE KRX금현물,411060,,6.51,16.25,32.57,48.21,64.12,2025-03-31
수비자산,미국대형가치주,ETF,TIGER 미국달러단기채권액티브,329750,,1.14,1.06,12.91,12.1,13.95,2025-03-31
공격자산,아시아주식,ETF,ACE 아시아TOP50,277540,,-2.87,2.95,9.38,29.84,6.5,2025-03-31
수비자산,물가연동채,ETF,KIWOOM 물가채KIS,430500,,0.14,2.6,2.0,4.3,5.09,2025-03-31
수비자산,미국회사채,ETF,KODEX iShares미국하이일드액티브,468380,,-0.72,-0.47,10.02,9.0,4.63,2025-03-31
공격자산,한국주식,ETF,KIWOOM 200TR,294400,,0.24,5.7,-1.84,-9.03,3.26,2025-03-31
수비자산,미국장기채,ETF,ACE 미국30년국채액티브,476760,,-0.85,2.89,2.69,3.25,2.5,2025-03-31
수비자산,한국국채권,ETF,KIWOOM 국고채10년,148070,,-0.28,2.44,-0.63,4.17,2.31,2025-03-31
공격자산,한국주식,ETF,KODEX 모멘텀주,275280,,-2.74,6.0,4.45,3.17,0.81,2025-03-31
공격자산,미국외선진국,ETF,KODEX MSCI선진국,251350,,-4.43,-4.02,7.88,13.59,-9.97,2025-03-31
공격자산,미국주식,ETF,KODEX 미국S&P500,379800,,-4.89,-7.06,9.37,15.7,-13.12,2025-03-31
공격자산,미국대형가치주,ETF,RISE 미국나스닥100,368590,,-6.98,-11.45,7.3,12.39,-25.64,2025-03-31
공격자산,미국소형주,ETF,KODEX 미국러셀2000(H),280930,,-6.27,-11.14,-11.01,-8.87,-37.66,2025-03-31
공격자산,금,ETF,ACE KRX금현물,411060,,6.85,17.28,28.13,59.09,66.67,2025-02-28
공격자산,아시아주식,ETF,ACE 아시아TOP50,277540,,6.79,14.34,21.42,42.83,56.12,2025-02-28
공격자산,미국외선진국,ETF,KODEX MSCI선진국,251350,,0.55,4.84,13.78,24.68,19.55,2025-02-28
수비자산,미국대형가치주,ETF,TIGER 미국달러단기채권액티브,329750,,2.53,3.86,9.69,12.64,19.44,2025-02-28
수비자산,미국회사채,ETF,KODEX iShares미국하이일드액티브,468380,,2.3,4.11,8.93,12.25,18.54,2025-02-28
공격자산,한국주식,ETF,KODEX 모멘텀주,275280,,-0.79,8.65,5.43,14.05,12.51,2025-02-28
공격자산,미국주식,ETF,KODEX 미국S&P500,379800,,-1.8,2.61,14.52,28.03,11.48,2025-02-28
공격자산,미국대형가치주,ETF,RISE 미국나스닥100,368590,,-3.76,3.7,14.73,25.42,6.14,2025-02-28
수비자산,물가연동채,ETF,KIWOOM 물가채KIS,430500,,1.1,-0.3,2.55,4.87,5.5,2025-02-28
수비자산,한국국채권,ETF,KIWOOM 국고채10년,148070,,1.5,-2.33,0.41,5.02,3.64,2025-02-28
공격자산,한국주식,ETF,KIWOOM 200TR,294400,,0.02,1.83,-7.04,-3.95,-2.61,2025-02-28
공격자산,미국소형주,ETF,KODEX 미국러셀2000(H),280930,,-7.97,-13.22,-4.74,0.59,-39.34,2025-02-28
공격자산,금,ETF,ACE KRX금현물,411060,,4.52,4.32,23.82,51.8,42.72,2025-01-31
공격자산,한국주식,ETF,KODEX 모멘텀주,275280,,8.63,5.33,2.1,29.16,39.57,2025-01-31
공격자산,미국주식,ETF,KODEX 미국S&P500,379800,,0.62,11.0,18.0,36.47,30.99,2025-01-31
공격자산,미국외선진국,ETF,KODEX MSCI선진국,251350,,1.63,9.65,14.97,30.22,29.59,2025-01-31
공격자산,미국대형가치주,ETF,RISE 미국나스닥100,368590,,-0.66,12.48,19.72,35.37,29.2,2025-01-31
공격자산,아시아주식,ETF,ACE 아시아TOP50,277540,,0.86,4.53,13.8,44.17,25.04,2025-01-31
공격자산,미국소형주,ETF,KODEX 미국러셀2000(H),280930,,2.53,2.18,0.29,11.33,12.74,2025-01-31
수비자산,미국회사채,ETF,KODEX iShares미국하이일드액티브,468380,,-0.38,5.74,7.09,11.01,10.89,2025-01-31
수비자산,미국대형가치주,ETF,TIGER 미국달러단기채권액티브,329750,,-1.06,4.56,6.01,11.72,7.31,2025-01-31
수비자산,물가연동채,ETF,KIWOOM 물가채KIS,430500,,1.33,0.81,1.34,4.19,6.52,2025-01-31
공격자산,한국주식,ETF,KIWOOM 200TR,294400,,4.53,-1.81,-11.6,0.94,6.22,2025-01-31
수비자산,한국국채권,ETF,KIWOOM 국고채10년,148070,,1.25,-1.1,-0.82,2.96,2.98,2025-01-31
공격자산,미국대형가치주,ETF,RISE 미국나스닥100,368590,,8.76,21.18,15.55,44.39,66.33,2024-12-31
공격자산,금,ETF,ACE KRX금현물,411060,,6.01,14.04,23.46,47.24,55.62,2024-12-31
공격자산,미국주식,ETF,KODEX 미국S&P500,379800,,4.99,17.68,16.79,44.03,52.05,2024-12-31
공격자산,아시아주식,ETF,ACE 아시아TOP50,277540,,8.39,6.25,11.35,38.33,46.67,2024-12-31
공격자산,미국외선진국,ETF,KODEX MSCI선진국,251350,,4.19,12.4,13.0,34.12,40.0,2024-12-31
수비자산,미국대형가치주,ETF,TIGER 미국달러단기채권액티브,329750,,3.98,11.72,7.49,17.23,31.71,2024-12-31
수비자산,미국회사채,ETF,KODEX iShares미국하이일드액티브,468380,,4.21,10.54,8.7,14.87,31.25,2024-12-31
공격자산,한국주식,ETF,KODEX 모멘텀주,275280,,1.23,-1.47,-10.31,10.59,-0.28,2024-12-31
수비자산,물가연동채,ETF,KIWOOM 물가채KIS,430500,,-2.91,-0.58,1.0,2.26,-8.26,2024-12-31
수비자산,한국국채권,ETF,KIWOOM 국고채10년,148070,,-5.24,-2.99,-0.31,0.73,-18.68,2024-12-31
공격자산,미국소형주,ETF,KODEX 미국러셀2000(H),280930,,-9.17,0.15,7.63,4.3,-22.48,2024-12-31
공격자산,한국주식,ETF,KIWOOM 200TR,294400,,-1.69,-7.13,-16.13,-9.36,-22.62,2024-12-31
공격자산,미국소형주,ETF,KODEX 미국러셀2000(H),280930,,9.61,10.47,19.22,31.49,56.79,2024-11-30
공격자산,미국주식,ETF,KODEX 미국S&P500,379800,,3.85,12.25,16.63,44.0,43.12,2024-11-30
공격자산,미국대형가치주,ETF,RISE 미국나스닥100,368590,,2.09,11.97,13.14,40.06,34.82,2024-11-30
공격자산,미국외선진국,ETF,KODEX MSCI선진국,251350,,2.95,9.01,12.4,35.7,32.99,2024-11-30
수비자산,한국국채권,ETF,KIWOOM 국고채10년,148070,,3.07,3.32,7.79,7.38,18.28,2024-11-30
수비자산,미국회사채,ETF,KODEX iShares미국하이일드액티브,468380,,1.39,4.89,5.03,13.27,14.9,2024-11-30
수비자산,물가연동채,ETF,KIWOOM 물가채KIS,430500,,2.55,3.17,4.01,7.16,14.62,2024-11-30
수비자산,미국대형가치주,ETF,TIGER 미국달러단기채권액티브,329750,,1.32,5.66,3.89,10.92,14.28,2024-11-30
공격자산,금,ETF,ACE KRX금현물,411060,,-7.11,11.02,15.98,41.3,8.02,2024-11-30
공격자산,아시아주식,ETF,ACE 아시아TOP50,277540,,-4.9,5.36,8.97,30.29,2.71,2024-11-30
공격자산,한국주식,ETF,KODEX 모멘텀주,275280,,-6.19,-3.78,-2.97,13.63,-20.42,2024-11-30
공격자산,한국주식,ETF,KIWOOM 200TR,294400,,-5.48,-9.95,-8.68,-1.75,-31.17,2024-11-30
공격자산,금,ETF,ACE KRX금현물,411060,,14.26,18.69,22.91,47.29,84.75,2024-10-31
공격자산,미국대형가치주,ETF,RISE 미국나스닥100,368590,,7.02,6.44,13.67,44.7,45.49,2024-10-31
공격자산,미국주식,ETF,KODEX 미국S&P500,379800,,6.67,6.3,13.66,44.15,44.19,2024-10-31
공격자산,아시아주식,ETF,ACE 아시아TOP50,277540,,2.51,8.87,16.73,39.39,34.61,2024-10-31
공격자산,미국외선진국,ETF,KODEX MSCI선진국,251350,,4.19,4.85,10.3,38.41,32.16,2024-10-31
수비자산,미국대형가치주,ETF,TIGER 미국달러단기채권액티브,329750,,5.71,1.38,2.17,4.52,20.73,2024-10-31
수비자산,미국회사채,ETF,KODEX iShares미국하이일드액티브,468380,,4.14,1.28,2.12,11.15,17.55,2024-10-31
공격자산,한국주식,ETF,KODEX 모멘텀주,275280,,1.62,-3.06,3.42,35.53,12.41,2024-10-31
공격자산,미국소형주,ETF,KODEX 미국러셀2000(H),280930,,0.48,-1.85,9.39,31.93,12.28,2024-10-31
수비자산,한국국채권,ETF,KIWOOM 국고채10년,148070,,-0.69,0.28,5.58,9.48,3.37,2024-10-31
수비자산,물가연동채,ETF,KIWOOM 물가채KIS,430500,,-0.06,0.53,1.96,7.69,3.25,2024-10-31
공격자산,한국주식,ETF,KIWOOM 200TR,294400,,-1.13,-9.97,-6.08,13.93,-12.93,2024-10-31
공격자산,금,ETF,ACE KRX금현물,411060,,0.65,3.49,23.75,30.11,24.85,2024-08-31
공격자산,미국주식,ETF,KODEX 미국S&P500,379800,,-0.5,3.65,11.47,26.66,14.56,2024-08-31
공격자산,아시아주식,ETF,ACE 아시아TOP50,277540,,-1.2,2.85,19.04,20.49,13.89,2024-08-31
공격자산,미국외선진국,ETF,KODEX MSCI선진국,251350,,-0.41,2.24,9.45,22.6,11.4,2024-08-31
공격자산,미국대형가치주,ETF,RISE 미국나스닥100,368590,,-1.03,1.24,8.83,26.53,9.2,2024-08-31
수비자산,한국국채권,ETF,KIWOOM 국고채10년,148070,,0.05,4.4,4.68,5.79,8.34,2024-08-31
공격자산,미국소형주,ETF,KODEX 미국러셀2000(H),280930,,-2.51,6.51,5.96,11.93,4.95,2024-08-31
수비자산,물가연동채,ETF,KIWOOM 물가채KIS,430500,,-0.15,0.78,2.29,6.61,3.13,2024-08-31
공격자산,한국주식,ETF,KODEX 모멘텀주,275280,,-3.5,1.67,7.43,4.39,-4.03,2024-08-31
수비자산,미국대형가치주,ETF,TIGER 미국달러단기채권액티브,329750,,-2.48,-2.24,2.65,3.44,-7.48,2024-08-31
공격자산,한국주식,ETF,KIWOOM 200TR,294400,,-4.47,1.47,3.16,10.74,-7.68,2024-08-31
공격자산,미국소형주,ETF,KODEX 미국러셀2000(H),280930,,10.03,11.46,11.01,10.34,49.64,2024-07-31
공격자산,금,ETF,ACE KRX금현물,411060,,4.22,3.55,22.6,33.43,35.85,2024-07-31
공격자산,미국주식,ETF,KODEX 미국S&P500,379800,,-0.41,6.92,15.65,30.64,21.19,2024-07-31
공격자산,아시아주식,ETF,ACE 아시아TOP50,277540,,-1.32,7.22,26.69,16.01,20.62,2024-07-31
공격자산,미국외선진국,ETF,KODEX MSCI선진국,251350,,-0.11,5.2,13.27,25.58,17.91,2024-07-31
수비자산,한국국채권,ETF,KIWOOM 국고채10년,148070,,1.77,5.28,3.81,5.64,13.92,2024-07-31
공격자산,한국주식,ETF,KIWOOM 200TR,294400,,-0.83,4.32,14.19,12.43,12.03,2024-07-31
공격자산,미국대형가치주,ETF,RISE 미국나스닥100,368590,,-4.12,6.79,13.07,30.55,8.6,2024-07-31
수비자산,물가연동채,ETF,KIWOOM 물가채KIS,430500,,0.99,1.43,2.81,7.19,7.61,2024-07-31
수비자산,미국대형가치주,ETF,TIGER 미국달러단기채권액티브,329750,,0.33,0.78,5.39,10.79,7.15,2024-07-31
공격자산,한국주식,ETF,KODEX 모멘텀주,275280,,-4.58,6.69,26.5,1.96,6.7,2024-07-31
공격자산,한국주식,ETF,KODEX 모멘텀주,275280,,9.52,8.52,23.31,26.27,55.3,2024-06-30
공격자산,미국대형가치주,ETF,RISE 미국나스닥100,368590,,6.49,9.84,24.95,37.98,51.29,2024-06-30
공격자산,아시아주식,ETF,ACE 아시아TOP50,277540,,6.07,13.26,24.23,20.73,48.78,2024-06-30
공격자산,미국주식,ETF,KODEX 미국S&P500,379800,,4.84,6.6,23.32,31.98,40.78,2024-06-30
공격자산,한국주식,ETF,KIWOOM 200TR,294400,,7.04,2.62,8.08,15.64,31.69,2024-06-30
공격자산,미국외선진국,ETF,KODEX MSCI선진국,251350,,3.64,4.74,18.69,25.8,31.47,2024-06-30
공격자산,금,ETF,ACE KRX금현물,411060,,-0.41,3.27,19.26,26.44,18.29,2024-06-30
수비자산,미국대형가치주,ETF,TIGER 미국달러단기채권액티브,329750,,0.49,3.19,9.06,6.97,10.94,2024-06-30
수비자산,한국국채권,ETF,KIWOOM 국고채10년,148070,,2.46,2.01,1.04,3.76,10.84,2024-06-30
수비자산,물가연동채,ETF,KIWOOM 물가채KIS,430500,,-0.03,0.65,1.24,7.22,3.0,2024-06-30
공격자산,미국소형주,ETF,KODEX 미국러셀2000(H),280930,,0.6,-4.72,-3.1,5.21,-3.16,2024-06-30
공격자산,미국대형가치주,ETF,RISE 미국나스닥100,368590,,4.4,7.5,23.56,34.74,41.17,2024-05-31
공격자산,금,ETF,ACE KRX금현물,411060,,0.71,19.57,22.98,24.47,39.31,2024-05-31
공격자산,아시아주식,ETF,ACE 아시아TOP50,277540,,3.0,15.74,20.23,17.54,39.25,2024-05-31
공격자산,미국주식,ETF,KODEX 미국S&P500,379800,,2.65,7.55,23.77,31.85,35.35,2024-05-31
공격자산,미국외선진국,ETF,KODEX MSCI선진국,251350,,2.47,7.05,21.75,27.56,32.22,2024-05-31
공격자산,한국주식,ETF,KODEX 모멘텀주,275280,,1.26,5.67,16.16,18.35,22.11,2024-05-31
공격자산,미국소형주,ETF,KODEX 미국러셀2000(H),280930,,2.02,-0.51,11.75,13.16,14.72,2024-05-31
수비자산,미국대형가치주,ETF,TIGER 미국달러단기채권액티브,329750,,0.53,5.0,7.38,7.01,12.04,2024-05-31
수비자산,물가연동채,ETF,KIWOOM 물가채KIS,430500,,0.49,1.5,3.07,7.32,6.34,2024-05-31
수비자산,한국국채권,ETF,KIWOOM 국고채10년,148070,,0.9,0.26,-0.45,0.01,2.73,2024-05-31
공격자산,한국주식,ETF,KIWOOM 200TR,294400,,-1.79,1.66,7.53,8.18,2.1,2024-05-31
공격자산,금,ETF,ACE KRX금현물,411060,,3.93,18.78,19.21,21.26,45.5,2024-04-30
공격자산,아시아주식,ETF,ACE 아시아TOP50,277540,,4.25,16.73,18.01,11.7,41.4,2024-04-30
공격자산,한국주식,ETF,KODEX 모멘텀주,275280,,-2.94,18.13,28.59,16.29,27.68,2024-04-30
공격자산,미국주식,ETF,KODEX 미국S&P500,379800,,-0.71,8.2,27.27,29.33,27.03,2024-04-30
공격자산,미국외선진국,ETF,KODEX MSCI선진국,251350,,-0.54,7.71,25.36,23.14,24.56,2024-04-30
공격자산,미국대형가치주,ETF,RISE 미국나스닥100,368590,,-1.38,4.78,27.17,39.35,24.05,2024-04-30
수비자산,미국대형가치주,ETF,TIGER 미국달러단기채권액티브,329750,,2.73,5.07,2.22,5.43,15.73,2024-04-30
공격자산,한국주식,ETF,KIWOOM 200TR,294400,,-2.45,9.15,19.85,14.68,15.4,2024-04-30
수비자산,물가연동채,ETF,KIWOOM 물가채KIS,430500,,0.22,1.47,5.75,5.93,6.5,2024-04-30
수비자산,한국국채권,ETF,KIWOOM 국고채10년,148070,,-1.39,-1.4,3.71,-1.89,-4.18,2024-04-30
공격자산,미국소형주,ETF,KODEX 미국러셀2000(H),280930,,-5.94,-0.84,20.02,10.96,-5.91,2024-04-30
공격자산,금,ETF,ACE KRX금현물,411060,,14.24,15.49,20.32,20.17,73.41,2024-03-31
공격자산,미국주식,ETF,KODEX 미국S&P500,379800,,5.52,15.69,23.86,36.71,53.37,2024-03-31
공격자산,미국대형가치주,ETF,RISE 미국나스닥100,368590,,4.42,13.76,25.87,46.87,51.66,2024-03-31
공격자산,한국주식,ETF,KODEX 모멘텀주,275280,,7.52,13.63,14.98,20.65,48.82,2024-03-31
공격자산,미국외선진국,ETF,KODEX MSCI선진국,251350,,5.04,13.32,21.35,29.69,46.54,2024-03-31
공격자산,아시아주식,ETF,ACE 아시아TOP50,277540,,7.79,9.69,11.46,4.97,40.03,2024-03-31
공격자산,한국주식,ETF,KIWOOM 200TR,294400,,6.11,5.33,16.32,18.93,36.56,2024-03-31
공격자산,미국소형주,ETF,KODEX 미국러셀2000(H),280930,,3.67,1.7,18.34,16.5,26.02,2024-03-31
수비자산,미국대형가치주,ETF,TIGER 미국달러단기채권액티브,329750,,1.67,5.68,-0.25,6.11,12.08,2024-03-31
수비자산,물가연동채,ETF,KIWOOM 물가채KIS,430500,,0.78,0.59,5.59,6.01,7.21,2024-03-31
수비자산,한국국채권,ETF,KIWOOM 국고채10년,148070,,0.77,-0.95,3.24,-0.33,2.91,2024-03-31
공격자산,한국주식,ETF,KODEX 모멘텀주,275280,,11.17,10.45,-3.76,17.25,46.38,2024-02-27
공격자산,미국대형가치주,ETF,RISE 미국나스닥100,368590,,2.61,14.59,21.44,49.75,45.59,2024-02-27
공격자산,미국주식,ETF,KODEX 미국S&P500,379800,,3.6,14.0,16.97,29.85,40.73,2024-02-27
공격자산,미국외선진국,ETF,KODEX MSCI선진국,251350,,3.71,12.94,15.41,23.5,37.66,2024-02-27
공격자산,한국주식,ETF,KIWOOM 200TR,294400,,5.63,6.42,8.07,14.2,30.89,2024-02-27
공격자산,아시아주식,ETF,ACE 아시아TOP50,277540,,2.8,2.25,1.92,1.34,11.95,2024-02-27
공격자산,금,ETF,ACE KRX금현물,411060,,0.36,2.85,6.32,13.18,10.39,2024-02-27
수비자산,물가연동채,ETF,KIWOOM 물가채KIS,430500,,0.48,2.02,4.79,8.17,7.89,2024-02-27
수비자산,미국대형가치주,ETF,TIGER 미국달러단기채권액티브,329750,,-0.09,1.04,0.86,2.99,1.96,2024-02-27
수비자산,한국국채권,ETF,KIWOOM 국고채10년,148070,,-0.21,0.01,2.28,1.63,0.94,2024-02-27
공격자산,미국대형가치주,ETF,RISE 미국나스닥100,368590,,5.95,20.23,15.46,57.64,60.23,2024-01-31
공격자산,미국주식,ETF,KODEX 미국S&P500,379800,,6.2,17.25,12.96,34.18,50.87,2024-01-31
공격자산,미국외선진국,ETF,KODEX MSCI선진국,251350,,4.68,16.54,10.87,26.71,42.69,2024-01-31
수비자산,미국대형가치주,ETF,TIGER 미국달러단기채권액티브,329750,,3.82,-2.18,5.13,10.91,14.57,2024-01-31
공격자산,금,ETF,ACE KRX금현물,411060,,1.38,1.21,8.84,14.26,13.33,2024-01-31
수비자산,물가연동채,ETF,KIWOOM 물가채KIS,430500,,-0.55,4.19,4.26,7.06,6.44,2024-01-31
수비자산,한국국채권,ETF,KIWOOM 국고채10년,148070,,-0.94,5.16,1.77,0.19,3.27,2024-01-31
공격자산,한국주식,ETF,KIWOOM 200TR,294400,,-6.13,10.82,-1.54,7.74,-6.42,2024-01-31
공격자산,아시아주식,ETF,ACE 아시아TOP50,277540,,-3.23,1.07,-8.43,-6.18,-14.38,2024-01-31
공격자산,한국주식,ETF,KODEX 모멘텀주,275280,,-6.99,10.52,-19.41,6.99,-18.4,2024-01-31
공격자산,미국대형가치주,ETF,RISE 미국나스닥100,368590,,5.5,10.65,10.42,60.26,47.42,2023-12-31
공격자산,한국주식,ETF,KIWOOM 200TR,294400,,6.56,10.44,6.99,25.25,39.93,2023-12-31
공격자산,미국주식,ETF,KODEX 미국S&P500,379800,,4.96,7.06,7.02,30.24,33.02,2023-12-31
공격자산,미국외선진국,ETF,KODEX MSCI선진국,251350,,5.42,7.09,5.99,26.3,32.92,2023-12-31
공격자산,한국주식,ETF,KODEX 모멘텀주,275280,,4.02,1.19,2.4,24.0,20.44,2023-12-31
공격자산,금,ETF,ACE KRX금현물,411060,,1.73,4.18,6.02,15.13,16.17,2023-12-31
수비자산,물가연동채,ETF,KIWOOM 물가채KIS,430500,,1.74,4.97,5.9,9.87,15.62,2023-12-31
수비자산,한국국채권,ETF,KIWOOM 국고채10년,148070,,1.02,4.23,2.69,4.8,9.83,2023-12-31
공격자산,아시아주식,ETF,ACE 아시아TOP50,277540,,2.09,1.62,-2.82,7.09,8.24,2023-12-31
수비자산,미국대형가치주,ETF,TIGER 미국달러단기채권액티브,329750,,-1.62,-5.62,-1.92,4.26,-10.36,2023-12-31
공격자산,미국대형가치주,ETF,RISE 미국나스닥100,368590,,7.45,1.62,8.66,35.79,37.24,2023-11-30
공격자산,한국주식,ETF,KIWOOM 200TR,294400,,9.47,1.68,-0.13,8.08,32.04,2023-11-30
공격자산,한국주식,ETF,KODEX 모멘텀주,275280,,12.1,-11.54,2.26,8.58,28.02,2023-11-30
공격자산,미국주식,ETF,KODEX 미국S&P500,379800,,5.56,-0.86,5.94,14.22,22.34,2023-11-30
공격자산,미국외선진국,ETF,KODEX MSCI선진국,251350,,5.51,-0.9,3.88,11.77,20.5,2023-11-30
수비자산,한국국채권,ETF,KIWOOM 국고채10년,148070,,5.12,2.02,1.39,2.0,18.56,2023-11-30
수비자산,물가연동채,ETF,KIWOOM 물가채KIS,430500,,3.11,2.77,4.45,6.5,15.94,2023-11-30
공격자산,금,ETF,ACE KRX금현물,411060,,-2.38,2.97,2.67,12.8,0.38,2023-11-30
공격자산,아시아주식,ETF,ACE 아시아TOP50,277540,,1.1,-3.07,-3.23,2.44,-0.79,2023-11-30
수비자산,미국대형가치주,ETF,TIGER 미국달러단기채권액티브,329750,,-4.31,-1.38,-0.3,1.19,-14.15,2023-11-30
공격자산,금,ETF,ACE KRX금현물,411060,,4.35,7.53,1.19,13.82,24.64,2023-10-31
수비자산,미국대형가치주,ETF,TIGER 미국달러단기채권액티브,329750,,0.17,7.46,3.06,-2.17,8.96,2023-10-31
수비자산,물가연동채,ETF,KIWOOM 물가채KIS,430500,,0.19,0.06,0.3,6.16,2.33,2023-10-31
공격자산,미국대형가치주,ETF,RISE 미국나스닥100,368590,,-2.49,-3.97,9.46,17.19,-2.41,2023-10-31
수비자산,한국국채권,ETF,KIWOOM 국고채10년,148070,,-1.82,-3.23,-5.38,1.99,-10.88,2023-10-31
공격자산,미국주식,ETF,KODEX 미국S&P500,379800,,-3.03,-3.66,1.98,2.6,-11.11,2023-10-31
공격자산,미국외선진국,ETF,KODEX MSCI선진국,251350,,-3.81,-4.87,-1.87,1.84,-16.78,2023-10-31
공격자산,아시아주식,ETF,ACE 아시아TOP50,277540,,-2.7,-9.4,-6.47,12.37,-17.63,2023-10-31
공격자산,한국주식,ETF,KIWOOM 200TR,294400,,-6.46,-11.16,-5.46,4.81,-32.06,2023-10-31
공격자산,한국주식,ETF,KODEX 모멘텀주,275280,,-14.84,-27.08,-11.26,0.62,-77.08,2023-10-31
수비자산,미국대형가치주,ETF,TIGER 미국달러단기채권액티브,329750,,2.8,3.92,6.52,-2.69,14.91,2023-09-30
공격자산,금,ETF,ACE KRX금현물,411060,,0.55,1.76,0.59,8.58,5.86,2023-09-30
공격자산,미국대형가치주,ETF,RISE 미국나스닥100,368590,,-3.11,-0.2,17.81,22.59,5.03,2023-09-30
수비자산,물가연동채,ETF,KIWOOM 물가채KIS,430500,,-0.4,0.89,0.37,5.33,1.21,2023-09-30
공격자산,미국주식,ETF,KODEX 미국S&P500,379800,,-2.8,-0.04,10.98,12.32,0.14,2023-09-30
공격자산,미국외선진국,ETF,KODEX MSCI선진국,251350,,-2.44,-1.03,7.92,13.01,-1.15,2023-09-30
공격자산,한국주식,ETF,KIWOOM 200TR,294400,,-1.9,-3.13,3.6,19.26,-2.2,2023-09-30
수비자산,한국국채권,ETF,KIWOOM 국고채10년,148070,,-1.13,-1.48,-3.53,3.02,-5.87,2023-09-30
공격자산,아시아주식,ETF,ACE 아시아TOP50,277540,,-2.63,-4.37,-4.6,5.66,-13.14,2023-09-30
공격자산,한국주식,ETF,KODEX 모멘텀주,275280,,-9.07,1.2,6.55,27.49,-15.85,2023-09-30
공격자산,미국대형가치주,ETF,RISE 미국나스닥100,368590,,2.12,7.81,27.81,22.45,33.68,2023-08-31
공격자산,미국주식,ETF,KODEX 미국S&P500,379800,,2.63,7.89,14.16,12.87,26.08,2023-08-31
공격자산,미국외선진국,ETF,KODEX MSCI선진국,251350,,2.01,6.38,10.28,12.2,20.6,2023-08-31
수비자산,미국대형가치주,ETF,TIGER 미국달러단기채권액티브,329750,,4.45,1.13,2.11,1.4,15.89,2023-08-31
공격자산,금,ETF,ACE KRX금현물,411060,,3.22,-1.0,7.67,10.95,15.24,2023-08-31
공격자산,한국주식,ETF,KODEX 모멘텀주,275280,,-5.75,15.27,22.84,19.68,14.35,2023-08-31
수비자산,물가연동채,ETF,KIWOOM 물가채KIS,430500,,0.39,1.45,4.3,4.96,6.02,2023-08-31
수비자산,한국국채권,ETF,KIWOOM 국고채10년,148070,,-0.09,-1.3,1.64,1.64,-0.33,2023-08-31
공격자산,한국주식,ETF,KIWOOM 200TR,294400,,-3.02,-0.88,7.13,6.11,-4.84,2023-08-31
공격자산,아시아주식,ETF,ACE 아시아TOP50,277540,,-4.87,0.33,-0.53,-3.04,-15.31,2023-08-31
공격자산,한국주식,ETF,KODEX 모멘텀주,275280,,18.18,21.69,32.75,30.86,100.32,2023-07-31
공격자산,미국대형가치주,ETF,RISE 미국나스닥100,368590,,1.33,13.98,36.53,19.19,41.03,2023-07-31
공격자산,미국주식,ETF,KODEX 미국S&P500,379800,,0.61,5.85,18.79,10.86,19.8,2023-07-31
공격자산,한국주식,ETF,KIWOOM 200TR,294400,,2.0,6.41,9.43,9.35,19.47,2023-07-31
공격자산,아시아주식,ETF,ACE 아시아TOP50,277540,,2.7,3.23,2.46,4.74,13.75,2023-07-31
공격자산,미국외선진국,ETF,KODEX MSCI선진국,251350,,0.07,3.15,14.29,9.22,12.8,2023-07-31
수비자산,물가연동채,ETF,KIWOOM 물가채KIS,430500,,1.02,0.24,2.69,3.39,5.49,2023-07-31
수비자산,한국국채권,ETF,KIWOOM 국고채10년,148070,,-0.05,-2.23,-1.55,-3.05,-3.9,2023-07-31
공격자산,금,ETF,ACE KRX금현물,411060,,-1.25,-5.9,4.98,8.3,-5.07,2023-07-31
수비자산,미국대형가치주,ETF,TIGER 미국달러단기채권액티브,329750,,-3.14,-4.1,5.5,0.23,-10.7,2023-07-31
공격자산,미국대형가치주,ETF,RISE 미국나스닥100,368590,,3.82,18.05,45.13,31.6,59.98,2023-06-30
공격자산,미국주식,ETF,KODEX 미국S&P500,379800,,3.9,11.03,21.7,19.63,38.5,2023-06-30
공격자산,미국외선진국,ETF,KODEX MSCI선진국,251350,,3.32,9.04,19.16,17.82,33.04,2023-06-30
공격자산,한국주식,ETF,KODEX 모멘텀주,275280,,3.88,5.29,21.1,14.39,31.07,2023-06-30
공격자산,한국주식,ETF,KIWOOM 200TR,294400,,-0.53,6.94,17.07,13.0,17.14,2023-06-30
공격자산,아시아주식,ETF,ACE 아시아TOP50,277540,,1.66,-0.24,10.2,-1.76,9.39,2023-06-30
수비자산,미국대형가치주,ETF,TIGER 미국달러단기채권액티브,329750,,0.0,2.5,6.3,3.47,6.52,2023-06-30
수비자산,물가연동채,ETF,KIWOOM 물가채KIS,430500,,0.35,-0.52,3.74,3.99,3.4,2023-06-30
공격자산,금,ETF,ACE KRX금현물,411060,,-1.48,-1.15,8.59,5.92,0.18,2023-06-30
수비자산,한국국채권,ETF,KIWOOM 국고채10년,148070,,-0.25,-2.08,2.06,1.4,-1.46,2023-06-30
공격자산,미국대형가치주,ETF,RISE 미국나스닥100,368590,,7.97,18.55,24.52,19.91,59.7,2023-05-31
공격자산,한국주식,ETF,KIWOOM 200TR,294400,,4.12,8.08,7.43,-1.94,23.66,2023-05-31
공격자산,미국주식,ETF,KODEX 미국S&P500,379800,,0.69,5.81,7.22,9.28,13.79,2023-05-31
공격자산,금,ETF,ACE KRX금현물,411060,,-1.88,8.76,11.45,11.76,11.77,2023-05-31
공격자산,한국주식,ETF,KODEX 모멘텀주,275280,,-0.5,6.57,6.57,-4.23,7.29,2023-05-31
공격자산,미국외선진국,ETF,KODEX MSCI선진국,251350,,-1.08,3.67,6.68,7.64,5.67,2023-05-31
수비자산,물가연동채,ETF,KIWOOM 물가채KIS,430500,,-0.81,2.81,2.28,5.05,2.78,2023-05-31
수비자산,미국대형가치주,ETF,TIGER 미국달러단기채권액티브,329750,,-0.95,0.97,1.55,8.66,1.06,2023-05-31
수비자산,한국국채권,ETF,KIWOOM 국고채10년,148070,,-1.02,2.98,1.53,0.09,0.7,2023-05-31
공격자산,아시아주식,ETF,ACE 아시아TOP50,277540,,-2.12,-0.85,4.79,-4.41,-5.9,2023-05-31
공격자산,미국대형가치주,ETF,RISE 미국나스닥100,368590,,4.95,17.73,11.3,4.19,39.26,2023-04-30
공격자산,미국외선진국,ETF,KODEX MSCI선진국,251350,,5.77,10.17,6.26,5.41,31.97,2023-04-30
공격자산,미국주식,ETF,KODEX 미국S&P500,379800,,5.53,11.52,3.64,4.2,30.99,2023-04-30
공격자산,금,ETF,ACE KRX금현물,411060,,3.74,10.9,11.36,9.12,30.08,2023-04-30
공격자산,한국주식,ETF,KODEX 모멘텀주,275280,,2.25,9.3,14.58,-2.85,22.62,2023-04-30
수비자산,미국대형가치주,ETF,TIGER 미국달러단기채권액티브,329750,,3.53,10.27,-4.84,8.16,20.47,2023-04-30
공격자산,한국주식,ETF,KIWOOM 200TR,294400,,2.51,1.29,12.59,-6.15,13.57,2023-04-30
공격자산,아시아주식,ETF,ACE 아시아TOP50,277540,,-0.75,-1.49,22.37,-1.76,6.99,2023-04-30
수비자산,한국국채권,ETF,KIWOOM 국고채10년,148070,,0.11,0.0,7.1,0.69,4.04,2023-04-30
공격자산,한국주식,ETF,KODEX 모멘텀주,275280,,6.37,16.79,21.5,-8.59,44.51,2023-03-31
공격자산,미국대형가치주,ETF,RISE 미국나스닥100,368590,,5.64,24.12,5.06,-8.29,41.49,2023-03-31
공격자산,금,ETF,ACE KRX금현물,411060,,7.63,10.64,8.72,8.62,40.04,2023-03-31
공격자산,아시아주식,ETF,ACE 아시아TOP50,277540,,3.4,11.9,12.2,-3.65,27.28,2023-03-31
공격자산,한국주식,ETF,KIWOOM 200TR,294400,,2.62,10.93,16.65,-9.83,24.65,2023-03-31
수비자산,한국국채권,ETF,KIWOOM 국고채10년,148070,,3.86,4.15,6.71,-1.41,18.73,2023-03-31
공격자산,미국외선진국,ETF,KODEX MSCI선진국,251350,,0.05,10.35,5.74,-3.49,12.5,2023-03-31
공격자산,미국주식,ETF,KODEX 미국S&P500,379800,,0.13,10.22,1.77,-4.53,10.35,2023-03-31
수비자산,미국대형가치주,ETF,TIGER 미국달러단기채권액티브,329750,,-1.41,3.84,-8.52,8.41,-2.54,2023-03-31
수비자산,미국대형가치주,ETF,TIGER 미국달러단기채권액티브,329750,,7.87,-1.13,-0.18,10.92,25.13,2023-02-28
공격자산,미국대형가치주,ETF,RISE 미국나스닥100,368590,,6.98,2.1,-8.58,-4.54,17.61,2023-02-28
공격자산,미국주식,ETF,KODEX 미국S&P500,379800,,5.88,-1.13,-4.96,3.42,14.88,2023-02-28
공격자산,미국외선진국,ETF,KODEX MSCI선진국,251350,,4.86,0.05,-1.8,3.47,14.59,2023-02-28
공격자산,금,ETF,ACE KRX금현물,411060,,-0.09,1.76,2.04,3.14,3.29,2023-02-28
공격자산,한국주식,ETF,KODEX 모멘텀주,275280,,0.64,2.2,-2.02,-9.49,0.75,2023-02-28
공격자산,아시아주식,ETF,ACE 아시아TOP50,277540,,-4.48,9.52,-2.52,-8.61,-7.33,2023-02-28
공격자산,한국주식,ETF,KIWOOM 200TR,294400,,-3.94,2.43,-1.02,-11.04,-12.67,2023-02-28
수비자산,한국국채권,ETF,KIWOOM 국고채10년,148070,,-3.5,-1.77,-1.03,-7.24,-14.59,2023-02-28
공격자산,아시아주식,ETF,ACE 아시아TOP50,277540,,10.46,21.06,2.23,-11.1,50.77,2023-01-31
공격자산,아시아주식,ETF,ACE 아시아TOP50,277540,,10.46,21.06,2.23,-11.1,50.77,2023-01-31
공격자산,한국주식,ETF,KIWOOM 200TR,294400,,9.12,7.81,-0.08,-9.13,32.86,2023-01-31
공격자산,한국주식,ETF,KIWOOM 200TR,294400,,9.12,7.81,-0.08,-9.13,32.86,2023-01-31
공격자산,한국주식,ETF,KODEX 모멘텀주,275280,,7.8,3.94,-1.43,-8.54,24.51,2023-01-31
공격자산,한국주식,ETF,KODEX 모멘텀주,275280,,7.8,3.94,-1.43,-8.54,24.51,2023-01-31
수비자산,한국국채권,ETF,KIWOOM 국고채10년,148070,,3.62,7.06,-1.52,-4.53,16.02,2023-01-31
수비자산,한국국채권,ETF,KIWOOM 국고채10년,148070,,3.62,7.06,-1.52,-4.53,16.02,2023-01-31
공격자산,금,ETF,ACE KRX금현물,411060,,2.15,0.83,3.16,6.89,10.57,2023-01-31
공격자산,금,ETF,ACE KRX금현물,411060,,2.15,0.83,3.16,6.89,10.57,2023-01-31
공격자산,미국외선진국,ETF,KODEX MSCI선진국,251350,,4.34,-6.33,-4.44,-3.28,3.64,2023-01-31
공격자산,미국외선진국,ETF,KODEX MSCI선진국,251350,,4.34,-6.33,-4.44,-3.28,3.64,2023-01-31
공격자산,미국대형가치주,ETF,RISE 미국나스닥100,368590,,7.71,-10.62,-12.7,-14.52,2.53,2023-01-31
공격자산,미국대형가치주,ETF,RISE 미국나스닥100,368590,,7.71,-10.62,-12.7,-14.52,2.53,2023-01-31
공격자산,미국주식,ETF,KODEX 미국S&P500,379800,,3.08,-10.35,-6.68,-4.74,-5.63,2023-01-31
공격자산,미국주식,ETF,KODEX 미국S&P500,379800,,3.08,-10.35,-6.68,-4.74,-5.63,2023-01-31
수비자산,미국대형가치주,ETF,TIGER 미국달러단기채권액티브,329750,,-2.41,-13.71,-5.0,2.28,-22.87,2023-01-31
수비자산,미국대형가치주,ETF,TIGER 미국달러단기채권액티브,329750,,-2.41,-13.71,-5.0,2.28,-22.87,2023-01-31
공격자산,금,ETF,ACE KRX금현물,411060,,-0.33,-1.74,-2.46,6.09,-2.43,2022-12-31
수비자산,한국국채권,ETF,KIWOOM 국고채10년,148070,,-1.68,2.46,-0.64,-10.18,-5.45,2022-12-31
공격자산,아시아주식,ETF,ACE 아시아TOP50,277540,,-2.35,0.26,-10.85,-19.46,-17.08,2022-12-31
수비자산,미국대형가치주,ETF,TIGER 미국달러단기채권액티브,329750,,-4.51,-11.91,-2.66,6.19,-25.22,2022-12-31
공격자산,한국주식,ETF,KIWOOM 200TR,294400,,-8.05,5.16,-3.48,-24.12,-26.75,2022-12-31
공격자산,미국외선진국,ETF,KODEX MSCI선진국,251350,,-6.7,-4.18,-1.13,-13.43,-28.22,2022-12-31
공격자산,한국주식,ETF,KODEX 모멘텀주,275280,,-8.92,4.03,-5.54,-27.19,-32.3,2022-12-31
공격자산,미국주식,ETF,KODEX 미국S&P500,379800,,-7.95,-7.67,-1.7,-14.69,-36.03,2022-12-31
공격자산,미국대형가치주,ETF,RISE 미국나스닥100,368590,,-10.61,-15.36,-9.32,-30.81,-59.54,2022-12-31
공격자산,아시아주식,ETF,ACE 아시아TOP50,277540,,14.31,-7.4,-7.11,-16.19,27.94,2022-11-30
공격자산,한국주식,ETF,KIWOOM 200TR,294400,,9.11,1.04,-8.3,-12.17,21.19,2022-11-30
공격자산,한국주식,ETF,KODEX 모멘텀주,275280,,6.97,-0.78,-9.21,-18.37,10.95,2022-11-30
수비자산,한국국채권,ETF,KIWOOM 국고채10년,148070,,4.4,0.94,-2.37,-8.81,10.75,2022-11-30
공격자산,미국외선진국,ETF,KODEX MSCI선진국,251350,,-1.47,-2.59,0.0,-3.5,-7.87,2022-11-30
공격자산,미국주식,ETF,KODEX 미국S&P500,379800,,-2.68,-3.68,1.04,-3.52,-12.07,2022-11-30
수비자산,미국대형가치주,ETF,TIGER 미국달러단기채권액티브,329750,,-7.18,-1.91,6.6,11.15,-17.36,2022-11-30
공격자산,미국대형가치주,ETF,RISE 미국나스닥100,368590,,-3.5,-10.13,-4.76,-21.67,-28.41,2022-11-30
공격자산,미국주식,ETF,KODEX 미국S&P500,379800,,6.16,4.1,3.57,4.67,25.54,2022-10-31
공격자산,미국외선진국,ETF,KODEX MSCI선진국,251350,,6.73,2.02,1.58,0.67,23.18,2022-10-31
수비자산,미국대형가치주,ETF,TIGER 미국달러단기채권액티브,329750,,-0.37,10.09,13.95,22.15,21.5,2022-10-31
공격자산,한국주식,ETF,KODEX 모멘텀주,275280,,7.89,-5.17,-14.32,-25.22,5.05,2022-10-31
공격자산,미국대형가치주,ETF,RISE 미국나스닥100,368590,,2.01,-2.32,-2.67,-10.6,-0.29,2022-10-31
공격자산,한국주식,ETF,KIWOOM 200TR,294400,,6.45,-7.31,-15.34,-21.32,-0.98,2022-10-31
수비자산,한국국채권,ETF,KIWOOM 국고채10년,148070,,-0.83,-8.01,-6.59,-10.36,-16.39,2022-10-31
공격자산,아시아주식,ETF,ACE 아시아TOP50,277540,,-8.51,-15.55,-18.24,-28.89,-57.43,2022-10-31
수비자산,미국대형가치주,ETF,TIGER 미국달러단기채권액티브,329750,,6.33,10.5,18.63,20.67,43.97,2022-09-30
공격자산,미국주식,ETF,KODEX 미국S&P500,379800,,-3.97,6.47,-6.45,1.35,-8.33,2022-09-30
공격자산,미국대형가치주,ETF,RISE 미국나스닥100,368590,,-5.08,7.13,-13.12,-8.92,-16.91,2022-09-30
공격자산,미국외선진국,ETF,KODEX MSCI선진국,251350,,-5.15,3.18,-9.0,-3.59,-17.67,2022-09-30
수비자산,한국국채권,ETF,KIWOOM 국고채10년,148070,,-3.14,-3.03,-8.32,-12.13,-19.64,2022-09-30
공격자산,아시아주식,ETF,ACE 아시아TOP50,277540,,-9.81,-11.08,-14.8,-21.58,-53.32,2022-09-30
공격자산,한국주식,ETF,KIWOOM 200TR,294400,,-11.65,-8.22,-22.26,-28.36,-61.38,2022-09-30
공격자산,한국주식,ETF,KODEX 모멘텀주,275280,,-13.13,-9.2,-23.61,-32.3,-68.48,2022-09-30
수비자산,미국대형가치주,ETF,TIGER 미국달러단기채권액티브,329750,,3.24,8.37,11.7,15.3,27.78,2022-08-31
공격자산,미국주식,ETF,KODEX 미국S&P500,379800,,0.8,4.47,4.6,2.89,9.9,2022-08-31
공격자산,미국대형가치주,ETF,RISE 미국나스닥100,368590,,-0.6,5.57,-0.36,-8.45,1.48,2022-08-31
공격자산,미국외선진국,ETF,KODEX MSCI선진국,251350,,-0.71,2.05,1.7,-1.33,0.45,2022-08-31
공격자산,아시아주식,ETF,ACE 아시아TOP50,277540,,2.75,-1.09,-6.25,-15.24,0.24,2022-08-31
공격자산,한국주식,ETF,KODEX 모멘텀주,275280,,3.05,-7.75,-7.1,-24.32,-8.23,2022-08-31
공격자산,한국주식,ETF,KIWOOM 200TR,294400,,-0.06,-8.4,-10.18,-21.47,-19.05,2022-08-31
수비자산,한국국채권,ETF,KIWOOM 국고채10년,148070,,-4.7,-2.82,-7.24,-11.97,-23.52,2022-08-31
공격자산,미국대형가치주,ETF,RISE 미국나스닥100,368590,,11.88,-0.36,-2.08,-1.96,33.74,2022-07-31
공격자산,미국주식,ETF,KODEX 미국S&P500,379800,,8.58,-0.5,2.07,6.77,27.96,2022-07-31
공격자산,미국외선진국,ETF,KODEX MSCI선진국,251350,,7.95,-0.44,1.21,3.59,24.91,2022-07-31
수비자산,한국국채권,ETF,KIWOOM 국고채10년,148070,,4.54,1.54,-3.06,-7.77,11.69,2022-07-31
수비자산,미국대형가치주,ETF,TIGER 미국달러단기채권액티브,329750,,0.0,3.5,7.67,12.7,10.51,2022-07-31
공격자산,한국주식,ETF,KIWOOM 200TR,294400,,5.41,-8.66,-9.06,-22.09,-2.5,2022-07-31
공격자산,한국주식,ETF,KODEX 모멘텀주,275280,,3.3,-9.65,-7.21,-28.15,-10.38,2022-07-31
공격자산,아시아주식,ETF,ACE 아시아TOP50,277540,,-3.67,-3.18,-13.03,-16.53,-24.83,2022-07-31
수비자산,미국대형가치주,ETF,TIGER 미국달러단기채권액티브,329750,,4.57,7.35,9.1,14.68,29.28,2022-06-30
공격자산,아시아주식,ETF,ACE 아시아TOP50,277540,,1.75,-4.19,-9.66,-19.83,-8.73,2022-06-30
수비자산,한국국채권,ETF,KIWOOM 국고채10년,148070,,-3.39,-5.46,-9.6,-10.27,-23.01,2022-06-30
공격자산,미국주식,ETF,KODEX 미국S&P500,379800,,-5.38,-12.13,-13.22,2.49,-34.26,2022-06-30
공격자산,미국외선진국,ETF,KODEX MSCI선진국,251350,,-5.64,-11.81,-12.44,-0.58,-35.09,2022-06-30
공격자산,미국대형가치주,ETF,RISE 미국나스닥100,368590,,-6.1,-18.9,-23.7,-8.86,-51.28,2022-06-30
공격자산,한국주식,ETF,KIWOOM 200TR,294400,,-12.64,-15.29,-21.38,-28.6,-71.06,2022-06-30
공격자산,한국주식,ETF,KODEX 모멘텀주,275280,,-12.46,-15.87,-22.92,-31.89,-72.69,2022-06-30
수비자산,미국대형가치주,ETF,TIGER 미국달러단기채권액티브,329750,,-1.4,3.07,3.88,10.97,3.56,2022-05-31
공격자산,한국주식,ETF,KODEX 모멘텀주,275280,,0.93,0.71,-9.16,-17.24,-5.38,2022-05-31
공격자산,한국주식,ETF,KIWOOM 200TR,294400,,-0.35,-1.94,-3.77,-15.54,-8.76,2022-05-31
공격자산,미국외선진국,ETF,KODEX MSCI선진국,251350,,-3.13,-0.35,-4.36,6.71,-10.25,2022-05-31
수비자산,한국국채권,ETF,KIWOOM 국고채10년,148070,,-0.42,-4.55,-7.49,-7.14,-11.35,2022-05-31
공격자산,미국주식,ETF,KODEX 미국S&P500,379800,,-3.99,0.13,-5.35,11.14,-11.74,2022-05-31
공격자산,아시아주식,ETF,ACE 아시아TOP50,277540,,0.59,-5.21,-8.13,-18.16,-12.05,2022-05-31
공격자산,미국대형가치주,ETF,RISE 미국나스닥100,368590,,-6.19,-5.62,-18.66,3.62,-32.61,2022-05-31
수비자산,미국대형가치주,ETF,TIGER 미국달러단기채권액티브,329750,,3.73,4.03,7.2,12.61,21.95,2022-04-30
공격자산,미국주식,ETF,KODEX 미국S&P500,379800,,-4.11,2.59,1.06,16.11,-5.19,2022-04-30
공격자산,미국외선진국,ETF,KODEX MSCI선진국,251350,,-4.39,1.65,-0.89,11.44,-9.09,2022-04-30
공격자산,한국주식,ETF,KIWOOM 200TR,294400,,-2.24,-0.44,-7.06,-14.18,-14.25,2022-04-30
수비자산,한국국채권,ETF,KIWOOM 국고채10년,148070,,-2.66,-4.53,-4.04,-7.08,-16.32,2022-04-30
공격자산,한국주식,ETF,KODEX 모멘텀주,275280,,-3.81,2.69,-12.73,-18.13,-19.62,2022-04-30
공격자산,미국대형가치주,ETF,RISE 미국나스닥100,368590,,-8.94,-1.73,-8.14,8.68,-30.45,2022-04-30
공격자산,아시아주식,ETF,ACE 아시아TOP50,277540,,-4.67,-10.18,-13.03,-20.61,-35.87,2022-04-30
공격자산,미국대형가치주,ETF,RISE 미국나스닥100,368590,,9.96,-6.36,4.34,25.94,32.18,2022-03-31
공격자산,미국외선진국,ETF,KODEX MSCI선진국,251350,,7.27,-1.01,5.63,21.18,28.9,2022-03-31
수비자산,미국대형가치주,ETF,TIGER 미국달러단기채권액티브,329750,,0.88,1.72,1.82,6.59,6.91,2022-03-31
공격자산,한국주식,ETF,KODEX 모멘텀주,275280,,5.32,-6.97,-10.01,-13.61,0.59,2022-03-31
공격자산,한국주식,ETF,KIWOOM 200TR,294400,,1.24,-6.65,-7.31,-10.14,-9.11,2022-03-31
수비자산,한국국채권,ETF,KIWOOM 국고채10년,148070,,-2.28,-5.12,-4.89,-5.67,-15.8,2022-03-31
공격자산,아시아주식,ETF,ACE 아시아TOP50,277540,,-1.92,-6.45,-8.67,-16.85,-20.76,2022-03-31
수비자산,미국대형가치주,ETF,TIGER 미국달러단기채권액티브,329750,,-0.49,0.39,2.35,6.55,1.74,2022-02-28
공격자산,미국외선진국,ETF,KODEX MSCI선진국,251350,,-1.18,-5.65,-2.27,16.53,-6.21,2022-02-28
수비자산,한국국채권,ETF,KIWOOM 국고채10년,148070,,-0.4,-2.81,-4.83,-3.85,-7.4,2022-02-28
공격자산,한국주식,ETF,KIWOOM 200TR,294400,,1.18,-4.72,-10.42,-10.15,-8.93,2022-02-28
공격자산,한국주식,ETF,KODEX 모멘텀주,275280,,2.92,-11.95,-16.64,-16.77,-15.7,2022-02-28
공격자산,미국대형가치주,ETF,RISE 미국나스닥100,368590,,-2.31,-14.08,-6.81,16.52,-20.3,2022-02-28
공격자산,아시아주식,ETF,ACE 아시아TOP50,277540,,-4.68,-6.43,-8.7,-17.7,-29.26,2022-02-28
수비자산,미국대형가치주,ETF,TIGER 미국달러단기채권액티브,329750,,1.33,3.05,4.67,7.51,11.25,2022-01-31
공격자산,아시아주식,ETF,ACE 아시아TOP50,277540,,0.07,-3.17,-4.02,-11.72,-7.9,2022-01-31
수비자산,한국국채권,ETF,KIWOOM 국고채10년,148070,,-2.51,0.52,-4.86,-4.85,-10.67,2022-01-31
공격자산,미국외선진국,ETF,KODEX MSCI선진국,251350,,-6.61,-2.5,2.35,22.56,-15.53,2022-01-31
공격자산,미국대형가치주,ETF,RISE 미국나스닥100,368590,,-12.82,-6.53,0.12,17.68,-40.52,2022-01-31
공격자산,한국주식,ETF,KIWOOM 200TR,294400,,-8.87,-6.65,-14.33,-9.95,-42.91,2022-01-31
공격자산,한국주식,ETF,KODEX 모멘텀주,275280,,-14.18,-15.02,-22.56,-20.85,-74.07,2022-01-31
공격자산,미국대형가치주,ETF,RISE 미국나스닥100,368590,,1.21,11.43,19.44,39.9,34.77,2021-12-31
공격자산,미국외선진국,ETF,KODEX MSCI선진국,251350,,4.0,6.71,13.55,33.74,33.93,2021-12-31
공격자산,한국주식,ETF,KIWOOM 200TR,294400,,6.43,-0.71,-9.18,3.13,14.76,2021-12-31
수비자산,미국대형가치주,ETF,TIGER 미국달러단기채권액티브,329750,,-0.05,0.1,5.12,9.3,4.83,2021-12-31
수비자산,한국국채권,ETF,KIWOOM 국고채10년,148070,,-0.18,0.24,-0.74,-2.44,-1.28,2021-12-31
공격자산,한국주식,ETF,KODEX 모멘텀주,275280,,2.12,-3.26,-11.63,-3.26,-3.53,2021-12-31
공격자산,아시아주식,ETF,ACE 아시아TOP50,277540,,1.61,-2.37,-11.26,-2.68,-3.84,2021-12-31
공격자산,미국대형가치주,ETF,RISE 미국나스닥100,368590,,5.94,7.72,27.16,43.59,50.02,2021-11-30
공격자산,미국외선진국,ETF,KODEX MSCI선진국,251350,,0.38,1.24,11.22,31.6,15.9,2021-11-30
수비자산,미국대형가치주,ETF,TIGER 미국달러단기채권액티브,329750,,1.75,1.8,6.38,7.5,12.11,2021-11-30
수비자산,한국국채권,ETF,KIWOOM 국고채10년,148070,,3.3,-2.07,-0.07,-4.43,6.67,2021-11-30
공격자산,한국주식,ETF,KODEX 모멘텀주,275280,,-3.03,-8.13,-8.8,6.93,-19.87,2021-11-30
공격자산,한국주식,ETF,KIWOOM 200TR,294400,,-3.75,-8.92,-11.84,10.29,-23.53,2021-11-30
공격자산,아시아주식,ETF,ACE 아시아TOP50,277540,,-4.77,-5.71,-11.34,0.14,-25.66,2021-11-30
공격자산,미국외선진국,ETF,KODEX MSCI선진국,251350,,2.21,4.97,12.44,46.63,29.49,2021-10-31
공격자산,아시아주식,ETF,ACE 아시아TOP50,277540,,0.89,-0.88,-8.72,13.64,0.86,2021-10-31
수비자산,미국대형가치주,ETF,TIGER 미국달러단기채권액티브,329750,,-1.57,1.57,5.04,2.99,0.12,2021-10-31
공격자산,한국주식,ETF,KODEX 모멘텀주,275280,,-2.31,-8.88,-6.19,25.1,-12.63,2021-10-31
공격자산,한국주식,ETF,KIWOOM 200TR,294400,,-3.07,-8.22,-7.66,31.89,-13.3,2021-10-31
수비자산,한국국채권,ETF,KIWOOM 국고채10년,148070,,-2.78,-5.35,-3.17,-8.27,-17.35,2021-10-31
공격자산,미국외선진국,ETF,KODEX MSCI선진국,251350,,-1.33,6.41,13.38,33.0,17.35,2021-09-30
수비자산,미국대형가치주,ETF,TIGER 미국달러단기채권액티브,329750,,1.65,5.01,4.53,1.3,12.55,2021-09-30
공격자산,한국주식,ETF,KIWOOM 200TR,294400,,-2.38,-8.53,-3.3,32.34,-9.23,2021-09-30
수비자산,한국국채권,ETF,KIWOOM 국고채10년,148070,,-2.48,-0.98,-0.79,-6.39,-10.42,2021-09-30
공격자산,한국주식,ETF,KODEX 모멘텀주,275280,,-3.01,-8.66,-4.32,23.04,-14.1,2021-09-30
공격자산,아시아주식,ETF,ACE 아시아TOP50,277540,,-1.86,-9.1,-9.53,15.36,-15.6,2021-09-30
공격자산,미국외선진국,ETF,KODEX MSCI선진국,251350,,4.24,10.37,20.1,28.0,40.15,2021-08-31
수비자산,미국대형가치주,ETF,TIGER 미국달러단기채권액티브,329750,,0.91,4.3,3.22,-2.36,8.07,2021-08-31
공격자산,한국주식,ETF,KIWOOM 200TR,294400,,-0.85,-1.48,2.77,39.78,7.29,2021-08-31
공격자산,한국주식,ETF,KODEX 모멘텀주,275280,,-2.16,0.87,2.18,26.58,2.14,2021-08-31
수비자산,한국국채권,ETF,KIWOOM 국고채10년,148070,,-0.14,2.52,1.33,-3.19,1.96,2021-08-31
공격자산,아시아주식,ETF,ACE 아시아TOP50,277540,,1.18,-4.5,-8.97,12.94,-2.2,2021-08-31
공격자산,미국외선진국,ETF,KODEX MSCI선진국,251350,,3.61,7.11,19.75,30.56,35.46,2021-07-31
수비자산,미국대형가치주,ETF,TIGER 미국달러단기채권액티브,329750,,1.76,3.41,2.71,-3.48,9.17,2021-07-31
공격자산,한국주식,ETF,KODEX 모멘텀주,275280,,-2.08,2.95,2.2,35.12,6.6,2021-07-31
수비자산,한국국채권,ETF,KIWOOM 국고채10년,148070,,1.7,2.3,0.01,-4.72,6.22,2021-07-31
공격자산,한국주식,ETF,KIWOOM 200TR,294400,,-3.4,0.61,5.11,45.1,4.23,2021-07-31
공격자산,아시아주식,ETF,ACE 아시아TOP50,277540,,-7.48,-7.91,-8.02,15.73,-30.41,2021-07-31
공격자산,한국주식,ETF,KODEX 모멘텀주,275280,,5.4,4.75,9.48,50.26,38.26,2021-06-30
공격자산,한국주식,ETF,KIWOOM 200TR,294400,,3.32,5.72,13.55,60.29,37.52,2021-06-30
공격자산,미국외선진국,ETF,KODEX MSCI선진국,251350,,1.87,6.55,17.78,34.48,29.66,2021-06-30
공격자산,아시아주식,ETF,ACE 아시아TOP50,277540,,1.52,-0.47,9.67,34.33,17.52,2021-06-30
수비자산,미국대형가치주,ETF,TIGER 미국달러단기채권액티브,329750,,1.15,-0.46,3.98,-6.11,3.45,2021-06-30
수비자산,한국국채권,ETF,KIWOOM 국고채10년,148070,,0.5,0.19,-1.71,-5.44,-0.52,2021-06-30
공격자산,한국주식,ETF,KIWOOM 200TR,294400,,1.25,4.32,25.65,63.24,36.72,2021-05-31
공격자산,미국외선진국,ETF,KODEX MSCI선진국,251350,,1.16,8.82,17.94,28.43,28.39,2021-05-31
공격자산,한국주식,ETF,KODEX 모멘텀주,275280,,-0.15,1.29,17.37,56.21,23.59,2021-05-31
공격자산,아시아주식,ETF,ACE 아시아TOP50,277540,,-2.43,-4.68,12.41,40.48,4.36,2021-05-31
수비자산,미국대형가치주,ETF,TIGER 미국달러단기채권액티브,329750,,0.05,-1.04,0.63,-10.23,-3.12,2021-05-31
수비자산,한국국채권,ETF,KIWOOM 국고채10년,148070,,-0.36,-1.17,-4.8,-6.19,-6.21,2021-05-31
공격자산,한국주식,ETF,KIWOOM 200TR,294400,,1.51,4.47,42.83,67.23,47.21,2021-04-30
공격자산,미국외선진국,ETF,KODEX MSCI선진국,251350,,3.07,11.79,30.41,34.78,44.89,2021-04-30
공격자산,한국주식,ETF,KODEX 모멘텀주,275280,,-0.36,-0.72,33.35,67.6,31.76,2021-04-30
공격자산,아시아주식,ETF,ACE 아시아TOP50,277540,,0.0,-0.12,24.5,43.52,23.0,2021-04-30
수비자산,한국국채권,ETF,KIWOOM 국고채10년,148070,,-0.4,-2.24,-5.26,-4.55,-7.2,2021-04-30
수비자산,미국대형가치주,ETF,TIGER 미국달러단기채권액티브,329750,,-2.06,-0.68,-1.96,-8.86,-10.04,2021-04-30
공격자산,한국주식,ETF,KIWOOM 200TR,294400,,1.23,7.13,36.5,79.17,48.86,2021-03-31
공격자산,한국주식,ETF,KODEX 모멘텀주,275280,,1.48,4.17,28.17,83.2,43.49,2021-03-31
공격자산,미국외선진국,ETF,KODEX MSCI선진국,251350,,3.14,9.24,15.93,42.08,37.16,2021-03-31
공격자산,아시아주식,ETF,ACE 아시아TOP50,277540,,-2.92,9.5,26.72,54.2,27.65,2021-03-31
수비자산,미국대형가치주,ETF,TIGER 미국달러단기채권액티브,329750,,0.83,4.3,-3.24,-7.04,3.41,2021-03-31
수비자산,한국국채권,ETF,KIWOOM 국고채10년,148070,,-0.39,-1.87,-5.62,-3.64,-6.76,2021-03-31
공격자산,한국주식,ETF,KIWOOM 200TR,294400,,-0.98,18.68,34.08,56.96,47.01,2021-02-28
공격자산,아시아주식,ETF,ACE 아시아TOP50,277540,,0.03,16.64,23.52,43.33,39.32,2021-02-28
공격자산,미국외선진국,ETF,KODEX MSCI선진국,251350,,3.28,7.74,8.18,21.53,27.04,2021-02-28
공격자산,한국주식,ETF,KODEX 모멘텀주,275280,,-5.05,14.5,22.26,62.55,26.12,2021-02-28
수비자산,미국대형가치주,ETF,TIGER 미국달러단기채권액티브,329750,,0.36,1.69,-5.03,-7.36,-1.57,2021-02-28
수비자산,한국국채권,ETF,KIWOOM 국고채10년,148070,,-1.4,-3.77,-4.6,-4.85,-11.48,2021-02-28
공격자산,한국주식,ETF,KIWOOM 200TR,294400,,4.36,36.72,38.06,45.65,80.25,2021-01-31
공격자산,한국주식,ETF,KODEX 모멘텀주,275280,,4.89,34.32,32.2,57.31,79.42,2021-01-31
공격자산,아시아주식,ETF,ACE 아시아TOP50,277540,,10.33,24.65,25.82,38.98,78.28,2021-01-31
공격자산,미국외선진국,ETF,KODEX MSCI선진국,251350,,1.91,16.65,9.03,6.37,28.49,2021-01-31
수비자산,미국대형가치주,ETF,TIGER 미국달러단기채권액티브,329750,,3.01,-1.29,-6.03,-5.71,3.3,2021-01-31
수비자산,한국국채권,ETF,KIWOOM 국고채10년,148070,,-0.04,-3.09,-4.72,-1.69,-6.01,2021-01-31
공격자산,한국주식,ETF,KIWOOM 200TR,294400,,13.82,27.42,41.16,35.22,98.27,2020-12-31
공격자산,한국주식,ETF,KODEX 모멘텀주,275280,,12.88,23.04,37.25,48.29,92.38,2020-12-31
공격자산,아시아주식,ETF,ACE 아시아TOP50,277540,,4.56,15.72,22.48,23.94,46.61,2020-12-31
공격자산,미국외선진국,ETF,KODEX MSCI선진국,251350,,2.33,6.12,14.18,7.03,21.96,2020-12-31
수비자산,한국국채권,ETF,KIWOOM 국고채10년,148070,,-2.22,-3.82,-3.79,-0.44,-12.5,2020-12-31
수비자산,미국대형가치주,ETF,TIGER 미국달러단기채권액티브,329750,,-1.69,-7.23,-9.7,-5.53,-18.53,2020-12-31
공격자산,한국주식,ETF,KIWOOM 200TR,294400,,15.1,11.32,29.91,27.96,78.56,2020-11-30
공격자산,한국주식,ETF,KODEX 모멘텀주,275280,,13.45,5.51,33.09,42.41,72.99,2020-11-30
공격자산,아시아주식,ETF,ACE 아시아TOP50,277540,,8.06,4.73,24.97,27.6,48.3,2020-11-30
공격자산,미국외선진국,ETF,KODEX MSCI선진국,251350,,11.85,-0.19,8.89,6.12,41.34,2020-11-30
수비자산,한국국채권,ETF,KIWOOM 국고채10년,148070,,-0.85,-0.96,-1.46,-0.92,-4.47,2020-11-30
수비자산,미국대형가치주,ETF,TIGER 미국달러단기채권액티브,329750,,-2.52,-6.61,-10.79,-5.91,-21.05,2020-11-30
공격자산,아시아주식,ETF,ACE 아시아TOP50,277540,,2.42,0.94,15.28,19.72,20.77,2020-10-31
공격자산,한국주식,ETF,KODEX 모멘텀주,275280,,-3.92,-1.58,25.69,24.32,5.59,2020-10-31
공격자산,한국주식,ETF,KIWOOM 200TR,294400,,-2.74,0.98,17.08,11.49,4.17,2020-10-31
수비자산,한국국채권,ETF,KIWOOM 국고채10년,148070,,-0.8,-1.68,0.76,0.99,-3.45,2020-10-31
수비자산,미국대형가치주,ETF,TIGER 미국달러단기채권액티브,329750,,-3.19,-4.8,-7.04,-2.02,-18.4,2020-10-31
공격자산,미국외선진국,ETF,KODEX MSCI선진국,251350,,-7.29,-6.53,3.35,-1.25,-27.04,2020-10-31
공격자산,한국주식,ETF,KODEX 모멘텀주,275280,,-3.21,11.55,44.77,29.7,31.74,2020-09-30
공격자산,한국주식,ETF,KIWOOM 200TR,294400,,-0.56,10.78,34.2,15.62,30.1,2020-09-30
공격자산,미국외선진국,ETF,KODEX MSCI선진국,251350,,-3.75,7.6,24.06,7.49,10.26,2020-09-30
공격자산,아시아주식,ETF,ACE 아시아TOP50,277540,,-5.37,5.84,20.87,17.88,4.63,2020-09-30
수비자산,한국국채권,ETF,KIWOOM 국고채10년,148070,,0.68,0.03,2.09,-0.38,3.03,2020-09-30
수비자산,미국대형가치주,ETF,TIGER 미국달러단기채권액티브,329750,,-1.04,-2.67,-4.43,-1.33,-8.32,2020-09-30
공격자산,한국주식,ETF,KODEX 모멘텀주,275280,,4.44,24.49,31.21,35.19,62.22,2020-08-31
공격자산,아시아주식,ETF,ACE 아시아TOP50,277540,,3.68,18.78,15.52,26.85,44.29,2020-08-31
공격자산,미국외선진국,ETF,KODEX MSCI선진국,251350,,6.33,10.75,14.04,14.28,40.33,2020-08-31
공격자산,한국주식,ETF,KIWOOM 200TR,294400,,2.93,15.05,15.4,21.55,36.92,2020-08-31
수비자산,미국대형가치주,ETF,TIGER 미국달러단기채권액티브,329750,,-0.25,-4.1,-2.07,-1.12,-6.15,2020-08-31
수비자산,한국국채권,ETF,KIWOOM 국고채10년,148070,,-1.71,-0.65,-0.41,-2.51,-6.62,2020-08-31
공격자산,한국주식,ETF,KODEX 모멘텀주,275280,,8.9,27.7,18.99,26.93,70.62,2020-07-31
공격자산,아시아주식,ETF,ACE 아시아TOP50,277540,,7.39,14.21,10.46,18.99,46.37,2020-07-31
공격자산,한국주식,ETF,KIWOOM 200TR,294400,,6.71,15.95,5.5,14.5,42.45,2020-07-31
공격자산,미국외선진국,ETF,KODEX MSCI선진국,251350,,6.72,10.57,-2.44,6.12,31.04,2020-07-31
수비자산,한국국채권,ETF,KIWOOM 국고채10년,148070,,0.93,2.48,3.19,0.26,6.93,2020-07-31
수비자산,미국대형가치주,ETF,TIGER 미국달러단기채권액티브,329750,,-1.02,-2.35,0.34,1.59,-4.83,2020-07-31
공격자산,한국주식,ETF,KODEX 모멘텀주,275280,,9.45,29.78,8.04,12.73,65.34,2020-06-30
공격자산,아시아주식,ETF,ACE 아시아TOP50,277540,,6.68,14.2,1.19,11.48,37.7,2020-06-30
공격자산,한국주식,ETF,KIWOOM 200TR,294400,,4.75,21.14,-4.21,3.19,34.08,2020-06-30
공격자산,미국외선진국,ETF,KODEX MSCI선진국,251350,,-2.4,15.29,-6.27,3.53,5.83,2020-06-30
수비자산,한국국채권,ETF,KIWOOM 국고채10년,148070,,0.15,2.06,3.49,1.1,4.52,2020-06-30
공격자산,한국주식,ETF,KODEX 모멘텀주,275280,,7.14,5.4,7.01,5.72,31.75,2020-05-31
공격자산,미국외선진국,ETF,KODEX MSCI선진국,251350,,6.16,2.97,-2.54,9.43,22.54,2020-05-31
공격자산,한국주식,ETF,KIWOOM 200TR,294400,,3.73,0.31,-1.5,3.78,11.69,2020-05-31
수비자산,한국국채권,ETF,KIWOOM 국고채10년,148070,,1.38,0.24,0.55,1.64,5.07,2020-05-31
공격자산,아시아주식,ETF,ACE 아시아TOP50,277540,,-0.31,-2.75,2.11,8.72,-0.45,2020-05-31
공격자산,아시아주식,ETF,ACE 아시아TOP50,277540,,7.39,-2.27,3.85,1.73,22.26,2020-04-30
공격자산,한국주식,ETF,KODEX 모멘텀주,275280,,10.67,-7.66,-1.09,-10.04,21.29,2020-04-30
공격자산,한국주식,ETF,KIWOOM 200TR,294400,,11.49,-9.95,-4.5,-7.3,20.43,2020-04-30
공격자산,미국외선진국,ETF,KODEX MSCI선진국,251350,,11.28,-11.03,-4.56,-1.37,20.18,2020-04-30
수비자산,한국국채권,ETF,KIWOOM 국고채10년,148070,,0.51,0.61,0.48,1.7,2.82,2020-04-30
수비자산,한국국채권,ETF,KIWOOM 국고채10년,148070,,-1.64,1.39,-2.43,1.16,-4.47,2020-03-31
공격자산,아시아주식,ETF,ACE 아시아TOP50,277540,,-9.76,-11.99,-3.14,-0.14,-42.89,2020-03-31
공격자산,한국주식,ETF,KODEX 모멘텀주,275280,,-9.96,-15.68,-9.26,-16.11,-54.23,2020-03-31
공격자산,미국외선진국,ETF,KODEX MSCI선진국,251350,,-11.78,-17.71,-12.3,-3.74,-60.12,2020-03-31
공격자산,한국주식,ETF,KIWOOM 200TR,294400,,-11.31,-19.15,-11.91,-12.43,-62.16,2020-03-31
공격자산,아시아주식,ETF,ACE 아시아TOP50,277540,,-0.04,2.73,10.82,11.14,10.8,2020-02-28
수비자산,한국국채권,ETF,KIWOOM 국고채10년,148070,,2.11,0.58,-2.23,4.47,6.92,2020-02-28
공격자산,한국주식,ETF,KODEX 모멘텀주,275280,,-7.19,0.0,4.98,-9.46,-21.44,2020-02-28
공격자산,미국외선진국,ETF,KODEX MSCI선진국,251350,,-7.64,-5.42,1.11,10.47,-25.17,2020-02-28
공격자산,한국주식,ETF,KIWOOM 200TR,294400,,-8.39,-3.39,6.72,-3.54,-26.09,2020-02-28
공격자산,미국외선진국,ETF,KODEX MSCI선진국,251350,,2.54,8.29,8.78,27.42,27.15,2020-01-31
공격자산,아시아주식,ETF,ACE 아시아TOP50,277540,,-1.62,7.38,7.73,15.82,10.35,2020-01-31
공격자산,한국주식,ETF,KODEX 모멘텀주,275280,,-1.12,6.16,6.67,-3.03,5.36,2020-01-31
수비자산,한국국채권,ETF,KIWOOM 국고채10년,148070,,1.22,-0.46,-2.84,3.06,2.55,2020-01-31
공격자산,한국주식,ETF,KIWOOM 200TR,294400,,-3.11,4.66,8.53,1.82,0.05,2020-01-31
공격자산,아시아주식,ETF,ACE 아시아TOP50,277540,,7.64,10.06,10.16,26.59,44.72,2019-12-31
공격자산,한국주식,ETF,KIWOOM 200TR,294400,,7.71,8.95,7.73,14.6,39.61,2019-12-31
공격자산,한국주식,ETF,KODEX 모멘텀주,275280,,8.41,7.62,4.34,0.85,35.23,2019-12-31
공격자산,미국외선진국,ETF,KODEX MSCI선진국,251350,,1.47,6.57,10.46,34.16,24.76,2019-12-31
수비자산,한국국채권,ETF,KIWOOM 국고채10년,148070,,-2.7,-3.77,-2.31,1.37,-12.67,2019-12-31
공격자산,미국외선진국,ETF,KODEX MSCI선진국,251350,,3.97,5.88,11.45,20.29,28.58,2019-11-30
공격자산,아시아주식,ETF,ACE 아시아TOP50,277540,,1.39,4.6,6.79,14.04,15.68,2019-11-30
공격자산,한국주식,ETF,KIWOOM 200TR,294400,,0.57,7.26,5.52,4.42,12.84,2019-11-30
수비자산,한국국채권,ETF,KIWOOM 국고채10년,148070,,1.32,-2.4,1.56,3.38,3.19,2019-11-30
공격자산,한국주식,ETF,KODEX 모멘텀주,275280,,-0.97,1.48,-0.67,-8.58,-3.89,2019-11-30
공격자산,미국외선진국,ETF,KODEX MSCI선진국,251350,,0.91,0.45,3.24,16.52,8.94,2019-10-31
공격자산,한국주식,ETF,KIWOOM 200TR,294400,,0.86,3.7,-2.65,6.99,6.71,2019-10-31
공격자산,아시아주식,ETF,ACE 아시아TOP50,277540,,0.84,0.33,-2.05,16.93,6.06,2019-10-31
공격자산,한국주식,ETF,KODEX 모멘텀주,275280,,0.24,0.49,-9.06,-4.72,-4.5,2019-10-31
수비자산,한국국채권,ETF,KIWOOM 국고채10년,148070,,-2.14,-2.39,1.47,3.69,-7.15,2019-10-31
공격자산,한국주식,ETF,KIWOOM 200TR,294400,,6.03,-1.12,-0.59,-6.82,14.98,2019-09-30
공격자산,미국외선진국,ETF,KODEX MSCI선진국,251350,,0.82,3.64,9.76,8.09,12.99,2019-09-30
공격자산,아시아주식,ETF,ACE 아시아TOP50,277540,,2.3,0.09,3.09,3.89,9.5,2019-09-30
수비자산,한국국채권,ETF,KIWOOM 국고채10년,148070,,-1.32,1.51,3.68,7.05,1.16,2019-09-30
공격자산,한국주식,ETF,KODEX 모멘텀주,275280,,2.23,-3.05,-7.55,-19.76,-5.09,2019-09-30
수비자산,한국국채권,ETF,KIWOOM 국고채10년,148070,,1.08,3.58,6.72,8.42,12.28,2019-08-31
공격자산,미국외선진국,ETF,KODEX MSCI선진국,251350,,-1.26,6.05,10.23,6.77,9.08,2019-08-31
공격자산,아시아주식,ETF,ACE 아시아TOP50,277540,,-2.75,1.8,1.21,0.48,-5.71,2019-08-31
공격자산,한국주식,ETF,KIWOOM 200TR,294400,,-3.04,-1.77,-8.41,-11.76,-18.03,2019-08-31
공격자산,한국주식,ETF,KODEX 모멘텀주,275280,,-1.94,-2.65,-12.12,-20.77,-19.72,2019-08-31
공격자산,미국외선진국,ETF,KODEX MSCI선진국,251350,,4.12,2.77,17.13,9.71,26.11,2019-07-31
수비자산,한국국채권,ETF,KIWOOM 국고채10년,148070,,1.77,3.96,6.07,9.41,14.67,2019-07-31
공격자산,아시아주식,ETF,ACE 아시아TOP50,277540,,0.61,-2.36,7.51,3.27,4.03,2019-07-31
공격자산,한국주식,ETF,KIWOOM 200TR,294400,,-3.83,-6.13,-6.18,-8.32,-22.77,2019-07-31
공격자산,한국주식,ETF,KODEX 모멘텀주,275280,,-3.28,-9.5,-9.1,-16.21,-27.95,2019-07-31
