분류,자산군,유형,명칭,Code
공격자산,미국주식,ETF,KODEX 미국S&P500,379800
공격자산,미국대형주,ETF,RISE 미국나스닥100,368590
공격자산,미국소형주,ETF,KODEX 미국러셀2000(H),280930
공격자산,한국주식,ETF,KODEX 모멘텀주,275280
공격자산,한국주식,ETF,ACE 코스닥150,354500
공격자산,미국외선진국,ETF,KODEX MSCI선진국,251350
공격자산,아시아주식,ETF,ACE 아시아TOP50,277540
공격자산,한국주식,ETF,KIWOOM 200TR,294400
공격자산,금,ETF,ACE KRX금현물,411060
수비자산,미국장기채,ETF,ACE 미국30년국채액티브,476760
수비자산,물가연동채,ETF,KIWOOM 물가채KIS,430500
수비자산,미국회사채,ETF,KODEX iShares미국하이일드액티브,468380
수비자산,한국국채,ETF,KIWOOM 국고채10년,148070
수비자산,현금,ETF,TIGER 미국달러단기채권액티브,329750
